s1,class1,ex1,s2,class2,ex2,score
18110209,09CLC,Ex7,15110134,08CLC,Ex1,0.6682873646471095
18110209,09CLC,Ex7,15110134,08CLC,Ex3,0.8897631717663185
18110209,09CLC,Ex7,15110134,08CLC,Ex2,0.9104879448253117
18110209,09CLC,Ex7,15110134,08CLC,Ex4,0.8161930776003635
18110209,09CLC,Ex7,15110353,04DT,Ex7,0.8345328790300033
18110209,09CLC,Ex7,15110353,04DT,Ex5,0.8584146130522456
18110209,09CLC,Ex7,15110353,04DT,Ex1,0.7156371244269869
18110209,09CLC,Ex7,15110353,04DT,Ex8,0.8678614707669803
18110209,09CLC,Ex7,15110353,04DT,Ex6,0.8177107751889284
18110209,09CLC,Ex7,15110353,04DT,Ex4,0.8585271496664394
18110209,09CLC,Ex7,16110253,09CLC,Ex1,0.6582561021800651
18110209,09CLC,Ex7,16110253,09CLC,Ex3,0.9064221981167794
18110209,09CLC,Ex7,16110253,09CLC,Ex2,0.9323542289874133
18110209,09CLC,Ex7,16110253,09CLC,Ex4,0.87380816384193
18110209,09CLC,Ex7,16110261,08CLC,Ex5,0.8484302303041091
18110209,09CLC,Ex7,16110261,08CLC,Ex1,0.854850019920956
18110209,09CLC,Ex7,16110261,08CLC,Ex2,0.9065403790994623
18110209,09CLC,Ex7,16110261,08CLC,Ex6,0.8661559664552122
18110209,09CLC,Ex7,16110261,08CLC,Ex4,0.857484628157369
18110209,09CLC,Ex7,16110585,08CLC,Ex1,0.6573463003475999
18110209,09CLC,Ex7,16119045,09CLC,Ex5,0.8664423679424957
18110209,09CLC,Ex7,16119045,09CLC,Ex1,0.6673463938725477
18110209,09CLC,Ex7,16119045,09CLC,Ex3,0.8928503586965448
18110209,09CLC,Ex7,16119045,09CLC,Ex2,0.9329290720353643
18110209,09CLC,Ex7,16119045,09CLC,Ex6,0.8699493252813584
18110209,09CLC,Ex7,16119045,09CLC,Ex4,0.9009680915804743
18110209,09CLC,Ex7,17110010,02CLC,Ex7,0.769611970988678
18110209,09CLC,Ex7,17110010,02CLC,Ex5,0.7843866947639201
18110209,09CLC,Ex7,17110010,02CLC,Ex1,0.6750438009669795
18110209,09CLC,Ex7,17110010,02CLC,Ex3,0.8058823599265172
18110209,09CLC,Ex7,17110010,02CLC,Ex8,0.7548075081253586
18110209,09CLC,Ex7,17110010,02CLC,Ex2,0.8681141385831028
18110209,09CLC,Ex7,17110010,02CLC,Ex6,0.7816594598385004
18110209,09CLC,Ex7,17110010,02CLC,Ex4,0.8058823599265172
18110209,09CLC,Ex7,17110021,01CLC,Ex2,0.8776968758553266
18110209,09CLC,Ex7,17110030,01CLC,Ex7,0.8113378058733611
18110209,09CLC,Ex7,17110030,01CLC,Ex5,0.8026069319025081
18110209,09CLC,Ex7,17110030,01CLC,Ex1,0.6724730176714863
18110209,09CLC,Ex7,17110030,01CLC,Ex3,0.7991688626835931
18110209,09CLC,Ex7,17110030,01CLC,Ex8,0.7441670774993762
18110209,09CLC,Ex7,17110030,01CLC,Ex2,0.8396332775327292
18110209,09CLC,Ex7,17110030,01CLC,Ex6,0.7941430427761742
18110209,09CLC,Ex7,17110030,01CLC,Ex4,0.7972041597230393
18110209,09CLC,Ex7,17110033,02CLC,Ex7,0.7687218128242991
18110209,09CLC,Ex7,17110033,02CLC,Ex5,0.7966786040038597
18110209,09CLC,Ex7,17110033,02CLC,Ex1,0.6792506685427256
18110209,09CLC,Ex7,17110033,02CLC,Ex3,0.8076907617074472
18110209,09CLC,Ex7,17110033,02CLC,Ex8,0.7450994284491085
18110209,09CLC,Ex7,17110033,02CLC,Ex2,0.87829925874611
18110209,09CLC,Ex7,17110033,02CLC,Ex6,0.774564212331405
18110209,09CLC,Ex7,17110033,02CLC,Ex4,0.8009347293376923
18110209,09CLC,Ex7,17110048,02CLC,Ex7,0.7693982470500436
18110209,09CLC,Ex7,17110048,02CLC,Ex5,0.8015939198110414
18110209,09CLC,Ex7,17110048,02CLC,Ex1,0.67976693212986
18110209,09CLC,Ex7,17110048,02CLC,Ex3,0.8044607161401628
18110209,09CLC,Ex7,17110048,02CLC,Ex8,0.7441670774993762
18110209,09CLC,Ex7,17110048,02CLC,Ex2,0.8601555144085603
18110209,09CLC,Ex7,17110048,02CLC,Ex6,0.7722597982820505
18110209,09CLC,Ex7,17110048,02CLC,Ex4,0.8009347293376923
18110209,09CLC,Ex7,17110049,02CLC,Ex5,0.7953649649657116
18110209,09CLC,Ex7,17110049,02CLC,Ex1,0.6586546519432556
18110209,09CLC,Ex7,17110049,02CLC,Ex3,0.7967335221014524
18110209,09CLC,Ex7,17110049,02CLC,Ex2,0.8701611540199797
18110209,09CLC,Ex7,17110049,02CLC,Ex6,0.7594786490700398
18110209,09CLC,Ex7,17110049,02CLC,Ex4,0.7916763871908188
18110209,09CLC,Ex7,17110059,02CLC,Ex7,0.7885702908579725
18110209,09CLC,Ex7,17110059,02CLC,Ex5,0.7945592288639167
18110209,09CLC,Ex7,17110059,02CLC,Ex1,0.6731471524884304
18110209,09CLC,Ex7,17110059,02CLC,Ex3,0.7969939867561718
18110209,09CLC,Ex7,17110059,02CLC,Ex8,0.7607077231415275
18110209,09CLC,Ex7,17110059,02CLC,Ex2,0.875919672474265
18110209,09CLC,Ex7,17110059,02CLC,Ex6,0.7852241453703712
18110209,09CLC,Ex7,17110059,02CLC,Ex4,0.7956371642973112
18110209,09CLC,Ex7,17110062,02CLC,Ex7,0.823723746806863
18110209,09CLC,Ex7,17110062,02CLC,Ex5,0.7956442593131214
18110209,09CLC,Ex7,17110062,02CLC,Ex1,0.6768097694173004
18110209,09CLC,Ex7,17110062,02CLC,Ex3,0.806491213611194
18110209,09CLC,Ex7,17110062,02CLC,Ex8,0.7429610442527583
18110209,09CLC,Ex7,17110062,02CLC,Ex2,0.8574145911704927
18110209,09CLC,Ex7,17110062,02CLC,Ex6,0.8384643725053532
18110209,09CLC,Ex7,17110062,02CLC,Ex4,0.7973988877657132
18110209,09CLC,Ex7,17110078,02CLC,Ex7,0.8227204407087049
18110209,09CLC,Ex7,17110078,02CLC,Ex5,0.7984472556533863
18110209,09CLC,Ex7,17110078,02CLC,Ex1,0.68170837340195
18110209,09CLC,Ex7,17110078,02CLC,Ex3,0.8157438644028585
18110209,09CLC,Ex7,17110078,02CLC,Ex8,0.7381743312236808
18110209,09CLC,Ex7,17110078,02CLC,Ex2,0.8752132944944429
18110209,09CLC,Ex7,17110078,02CLC,Ex6,0.8065114500381614
18110209,09CLC,Ex7,17110078,02CLC,Ex4,0.8056838165541165
18110209,09CLC,Ex7,17110080,02CLC,Ex7,0.7862058416224909
18110209,09CLC,Ex7,17110080,02CLC,Ex5,0.7913042339789975
18110209,09CLC,Ex7,17110080,02CLC,Ex1,0.6760209758173336
18110209,09CLC,Ex7,17110080,02CLC,Ex3,0.794704093263959
18110209,09CLC,Ex7,17110080,02CLC,Ex8,0.7670090367194965
18110209,09CLC,Ex7,17110080,02CLC,Ex2,0.860153590515256
18110209,09CLC,Ex7,17110080,02CLC,Ex6,0.7732576826743991
18110209,09CLC,Ex7,17110080,02CLC,Ex4,0.7946434160470962
18110209,09CLC,Ex7,17110082,02CLC,Ex7,0.8238876850639132
18110209,09CLC,Ex7,17110082,02CLC,Ex1,0.6768097694173004
18110209,09CLC,Ex7,17110082,02CLC,Ex3,0.806491213611194
18110209,09CLC,Ex7,17110082,02CLC,Ex8,0.7436981232579475
18110209,09CLC,Ex7,17110082,02CLC,Ex2,0.8718994252383709
18110209,09CLC,Ex7,17110082,02CLC,Ex6,0.8384643725053532
18110209,09CLC,Ex7,17110082,02CLC,Ex4,0.7973988877657132
18110209,09CLC,Ex7,17110130,09CLC,Ex7,0.8002521121299301
18110209,09CLC,Ex7,17110130,09CLC,Ex5,0.7609869268475746
18110209,09CLC,Ex7,17110130,09CLC,Ex1,0.6962755015381029
18110209,09CLC,Ex7,17110130,09CLC,Ex3,0.8074045468304978
18110209,09CLC,Ex7,17110130,09CLC,Ex8,0.7566987791303861
18110209,09CLC,Ex7,17110130,09CLC,Ex2,0.8939586829865116
18110209,09CLC,Ex7,17110130,09CLC,Ex6,0.7872790846343564
18110209,09CLC,Ex7,17110130,09CLC,Ex4,0.7597771719998161
18110209,09CLC,Ex7,17110177,09CLC,Ex5,0.9534518969248965
18110209,09CLC,Ex7,17110177,09CLC,Ex6,0.9299467239506851
18110209,09CLC,Ex7,17110230,08CLC,Ex7,0.8002521121299301
18110209,09CLC,Ex7,17110230,08CLC,Ex5,0.7804088551783934
18110209,09CLC,Ex7,17110230,08CLC,Ex1,0.8359999986405068
18110209,09CLC,Ex7,17110230,08CLC,Ex3,0.8305684968119575
18110209,09CLC,Ex7,17110230,08CLC,Ex2,0.9007264092380618
18110209,09CLC,Ex7,17110230,08CLC,Ex6,0.766871545229845
18110209,09CLC,Ex7,17110230,08CLC,Ex4,0.7551790179877446
18110209,09CLC,Ex7,17110901,03DT,Ex1,0.7466468842223634
18110209,09CLC,Ex7,18110004,01CLC,Ex5,0.8361549079418182
18110209,09CLC,Ex7,18110004,01CLC,Ex1,0.6692940432550316
18110209,09CLC,Ex7,18110004,01CLC,Ex3,0.8461585408762882
18110209,09CLC,Ex7,18110004,01CLC,Ex2,0.8679207817271903
18110209,09CLC,Ex7,18110004,01CLC,Ex6,0.8534868743629136
18110209,09CLC,Ex7,18110004,01CLC,Ex4,0.8534307787098836
18110209,09CLC,Ex7,18110006,02CLC,Ex7,0.7982563404648593
18110209,09CLC,Ex7,18110006,02CLC,Ex5,0.7614373308870027
18110209,09CLC,Ex7,18110006,02CLC,Ex1,0.8478089901416198
18110209,09CLC,Ex7,18110006,02CLC,Ex3,0.8164955368898448
18110209,09CLC,Ex7,18110006,02CLC,Ex2,0.8631756931543351
18110209,09CLC,Ex7,18110006,02CLC,Ex6,0.7688544542089154
18110209,09CLC,Ex7,18110006,02CLC,Ex4,0.7876839886965423
18110209,09CLC,Ex7,18110007,02CLC,Ex7,0.7988725578920408
18110209,09CLC,Ex7,18110007,02CLC,Ex5,0.8126148583247648
18110209,09CLC,Ex7,18110007,02CLC,Ex3,0.8563741615382574
18110209,09CLC,Ex7,18110007,02CLC,Ex8,0.775288175433556
18110209,09CLC,Ex7,18110007,02CLC,Ex6,0.7910317738608617
18110209,09CLC,Ex7,18110007,02CLC,Ex4,0.8376491330918812
18110209,09CLC,Ex7,18110010,01CLC,Ex7,0.7720941266677043
18110209,09CLC,Ex7,18110010,01CLC,Ex5,0.7894142632656557
18110209,09CLC,Ex7,18110010,01CLC,Ex1,0.7878602660935501
18110209,09CLC,Ex7,18110010,01CLC,Ex3,0.8254792739435569
18110209,09CLC,Ex7,18110010,01CLC,Ex8,0.7506395222369543
18110209,09CLC,Ex7,18110010,01CLC,Ex2,0.850396982416874
18110209,09CLC,Ex7,18110010,01CLC,Ex6,0.7999891308410203
18110209,09CLC,Ex7,18110010,01CLC,Ex4,0.7902291325527594
18110209,09CLC,Ex7,18110011,01CLC,Ex7,0.8204703811706036
18110209,09CLC,Ex7,18110011,01CLC,Ex5,0.7962297799975373
18110209,09CLC,Ex7,18110011,01CLC,Ex1,0.6784983254605677
18110209,09CLC,Ex7,18110011,01CLC,Ex3,0.8082426478547499
18110209,09CLC,Ex7,18110011,01CLC,Ex8,0.7817990741339224
18110209,09CLC,Ex7,18110011,01CLC,Ex2,0.8593021802928137
18110209,09CLC,Ex7,18110011,01CLC,Ex6,0.8121042262300168
18110209,09CLC,Ex7,18110011,01CLC,Ex4,0.8400284274057909
18110209,09CLC,Ex7,18110012,01CLC,Ex7,0.8220733128364573
18110209,09CLC,Ex7,18110012,01CLC,Ex5,0.8361549079418182
18110209,09CLC,Ex7,18110012,01CLC,Ex1,0.6692940432550316
18110209,09CLC,Ex7,18110012,01CLC,Ex3,0.8461585408762882
18110209,09CLC,Ex7,18110012,01CLC,Ex2,0.8679207817271903
18110209,09CLC,Ex7,18110012,01CLC,Ex6,0.8549137753109599
18110209,09CLC,Ex7,18110014,02CLC,Ex7,0.7988725578920408
18110209,09CLC,Ex7,18110014,02CLC,Ex5,0.7771413483630831
18110209,09CLC,Ex7,18110014,02CLC,Ex1,0.8115920493235955
18110209,09CLC,Ex7,18110014,02CLC,Ex3,0.827653303889945
18110209,09CLC,Ex7,18110014,02CLC,Ex8,0.7277224535243356
18110209,09CLC,Ex7,18110014,02CLC,Ex6,0.7576625165307805
18110209,09CLC,Ex7,18110014,02CLC,Ex4,0.7951866368616908
18110209,09CLC,Ex7,18110020,02CLC,Ex7,0.7563533499341717
18110209,09CLC,Ex7,18110020,02CLC,Ex5,0.767864641935929
18110209,09CLC,Ex7,18110020,02CLC,Ex1,0.7175399069824526
18110209,09CLC,Ex7,18110020,02CLC,Ex3,0.8330645182210467
18110209,09CLC,Ex7,18110020,02CLC,Ex2,0.841355198767127
18110209,09CLC,Ex7,18110020,02CLC,Ex6,0.7686653928114817
18110209,09CLC,Ex7,18110020,02CLC,Ex4,0.7740359189609687
18110209,09CLC,Ex7,18110022,02CLC,Ex7,0.7988725578920408
18110209,09CLC,Ex7,18110022,02CLC,Ex5,0.7468202757696233
18110209,09CLC,Ex7,18110022,02CLC,Ex1,0.6921484084924062
18110209,09CLC,Ex7,18110022,02CLC,Ex3,0.7354980422009667
18110209,09CLC,Ex7,18110022,02CLC,Ex8,0.731618734726582
18110209,09CLC,Ex7,18110022,02CLC,Ex2,0.8721461395422617
18110209,09CLC,Ex7,18110022,02CLC,Ex6,0.7576625165307805
18110209,09CLC,Ex7,18110022,02CLC,Ex4,0.7551100977549428
18110209,09CLC,Ex7,18110024,02CLC,Ex7,0.8000927960500122
18110209,09CLC,Ex7,18110024,02CLC,Ex5,0.7468202757696233
18110209,09CLC,Ex7,18110024,02CLC,Ex1,0.6372145592467859
18110209,09CLC,Ex7,18110024,02CLC,Ex3,0.6939970550437768
18110209,09CLC,Ex7,18110024,02CLC,Ex2,0.819589592050761
18110209,09CLC,Ex7,18110024,02CLC,Ex6,0.7956376636265129
18110209,09CLC,Ex7,18110024,02CLC,Ex4,0.7951866368616908
18110209,09CLC,Ex7,18110027,02CLC,Ex7,0.7988725578920408
18110209,09CLC,Ex7,18110027,02CLC,Ex5,0.7563464511569145
18110209,09CLC,Ex7,18110027,02CLC,Ex1,0.6903386702356131
18110209,09CLC,Ex7,18110027,02CLC,Ex3,0.7371372828518388
18110209,09CLC,Ex7,18110027,02CLC,Ex8,0.731618734726582
18110209,09CLC,Ex7,18110027,02CLC,Ex2,0.8631756931543351
18110209,09CLC,Ex7,18110027,02CLC,Ex6,0.7576625165307805
18110209,09CLC,Ex7,18110027,02CLC,Ex4,0.7551100977549428
18110209,09CLC,Ex7,18110028,01CLC,Ex7,0.8000927960500122
18110209,09CLC,Ex7,18110028,01CLC,Ex5,0.7743329468827981
18110209,09CLC,Ex7,18110028,01CLC,Ex1,0.7128802099914262
18110209,09CLC,Ex7,18110028,01CLC,Ex3,0.803244502992805
18110209,09CLC,Ex7,18110028,01CLC,Ex8,0.7691296177751877
18110209,09CLC,Ex7,18110028,01CLC,Ex2,0.8534470158464769
18110209,09CLC,Ex7,18110028,01CLC,Ex6,0.7956376636265129
18110209,09CLC,Ex7,18110028,01CLC,Ex4,0.776512994306294
18110209,09CLC,Ex7,18110029,02CLC,Ex7,0.7709949188733257
18110209,09CLC,Ex7,18110029,02CLC,Ex5,0.8299744344877275
18110209,09CLC,Ex7,18110029,02CLC,Ex1,0.6882341197531694
18110209,09CLC,Ex7,18110029,02CLC,Ex3,0.8523141427877101
18110209,09CLC,Ex7,18110029,02CLC,Ex8,0.7770625524222851
18110209,09CLC,Ex7,18110029,02CLC,Ex2,0.8803035208047965
18110209,09CLC,Ex7,18110029,02CLC,Ex6,0.7811765529795321
18110209,09CLC,Ex7,18110029,02CLC,Ex4,0.8441315214742314
18110209,09CLC,Ex7,18110031,02CLC,Ex7,0.7988725578920408
18110209,09CLC,Ex7,18110031,02CLC,Ex5,0.7622433787883689
18110209,09CLC,Ex7,18110031,02CLC,Ex1,0.8155560527856534
18110209,09CLC,Ex7,18110031,02CLC,Ex3,0.8282508795911615
18110209,09CLC,Ex7,18110031,02CLC,Ex8,0.731618734726582
18110209,09CLC,Ex7,18110031,02CLC,Ex2,0.8721461395422617
18110209,09CLC,Ex7,18110031,02CLC,Ex6,0.7576625165307805
18110209,09CLC,Ex7,18110031,02CLC,Ex4,0.7929616017001015
18110209,09CLC,Ex7,18110033,01CLC,Ex7,0.8330956995487213
18110209,09CLC,Ex7,18110033,01CLC,Ex5,0.8402230302627022
18110209,09CLC,Ex7,18110033,01CLC,Ex1,0.8377349102029613
18110209,09CLC,Ex7,18110033,01CLC,Ex3,0.861005938384268
18110209,09CLC,Ex7,18110033,01CLC,Ex8,0.7816431598138001
18110209,09CLC,Ex7,18110033,01CLC,Ex2,0.8701040443123841
18110209,09CLC,Ex7,18110033,01CLC,Ex6,0.8230269268668932
18110209,09CLC,Ex7,18110033,01CLC,Ex4,0.776512994306294
18110209,09CLC,Ex7,18110039,01CLC,Ex5,0.8038803409588965
18110209,09CLC,Ex7,18110039,01CLC,Ex1,0.6037177521931497
18110209,09CLC,Ex7,18110039,01CLC,Ex3,0.8211648815870285
18110209,09CLC,Ex7,18110039,01CLC,Ex2,0.7888955275217692
18110209,09CLC,Ex7,18110039,01CLC,Ex6,0.8052872157663353
18110209,09CLC,Ex7,18110039,01CLC,Ex4,0.7979110608046706
18110209,09CLC,Ex7,18110041,02CLC,Ex7,0.756899768975632
18110209,09CLC,Ex7,18110041,02CLC,Ex5,0.7641687616705894
18110209,09CLC,Ex7,18110041,02CLC,Ex1,0.6967024508644553
18110209,09CLC,Ex7,18110041,02CLC,Ex3,0.7671422352167693
18110209,09CLC,Ex7,18110041,02CLC,Ex8,0.698140989780426
18110209,09CLC,Ex7,18110041,02CLC,Ex2,0.8261403973285969
18110209,09CLC,Ex7,18110041,02CLC,Ex6,0.7747342970429195
18110209,09CLC,Ex7,18110041,02CLC,Ex4,0.7967523243747839
18110209,09CLC,Ex7,18110043,02CLC,Ex1,0.6744707703756887
18110209,09CLC,Ex7,18110043,02CLC,Ex3,0.8846899896133237
18110209,09CLC,Ex7,18110043,02CLC,Ex2,0.8760353433234351
18110209,09CLC,Ex7,18110050,02CLC,Ex7,0.8485026145285933
18110209,09CLC,Ex7,18110050,02CLC,Ex5,0.8073598947789934
18110209,09CLC,Ex7,18110050,02CLC,Ex1,0.697595763206482
18110209,09CLC,Ex7,18110050,02CLC,Ex3,0.7782157056633083
18110209,09CLC,Ex7,18110050,02CLC,Ex8,0.7768247410655021
18110209,09CLC,Ex7,18110050,02CLC,Ex2,0.8380379479738974
18110209,09CLC,Ex7,18110050,02CLC,Ex6,0.8437658237625462
18110209,09CLC,Ex7,18110050,02CLC,Ex4,0.8196036354355191
18110209,09CLC,Ex7,18110051,02CLC,Ex5,0.7963121681523746
18110209,09CLC,Ex7,18110051,02CLC,Ex1,0.6265509090777757
18110209,09CLC,Ex7,18110051,02CLC,Ex3,0.8364281340972665
18110209,09CLC,Ex7,18110051,02CLC,Ex6,0.7806168910729359
18110209,09CLC,Ex7,18110051,02CLC,Ex4,0.8050602317393363
18110209,09CLC,Ex7,18110055,02CLC,Ex5,0.8223775884619465
18110209,09CLC,Ex7,18110055,02CLC,Ex1,0.6819226192655387
18110209,09CLC,Ex7,18110055,02CLC,Ex2,0.8917875128984452
18110209,09CLC,Ex7,18110060,02CLC,Ex7,0.7988725578920408
18110209,09CLC,Ex7,18110060,02CLC,Ex5,0.7468202757696233
18110209,09CLC,Ex7,18110060,02CLC,Ex1,0.8124275643091935
18110209,09CLC,Ex7,18110060,02CLC,Ex3,0.7391701186144793
18110209,09CLC,Ex7,18110060,02CLC,Ex8,0.731618734726582
18110209,09CLC,Ex7,18110060,02CLC,Ex2,0.8603411464087934
18110209,09CLC,Ex7,18110060,02CLC,Ex6,0.7576625165307805
18110209,09CLC,Ex7,18110060,02CLC,Ex4,0.7948726001849844
18110209,09CLC,Ex7,18110068,01CLC,Ex7,0.80255056869287
18110209,09CLC,Ex7,18110068,01CLC,Ex5,0.7858007710371444
18110209,09CLC,Ex7,18110068,01CLC,Ex1,0.6815169870671702
18110209,09CLC,Ex7,18110068,01CLC,Ex3,0.8007884720024073
18110209,09CLC,Ex7,18110068,01CLC,Ex8,0.7817990741339224
18110209,09CLC,Ex7,18110068,01CLC,Ex2,0.8466666733346334
18110209,09CLC,Ex7,18110068,01CLC,Ex6,0.797174649037856
18110209,09CLC,Ex7,18110068,01CLC,Ex4,0.7900443574634649
18110209,09CLC,Ex7,18110069,02CLC,Ex7,0.7262546485321288
18110209,09CLC,Ex7,18110069,02CLC,Ex5,0.7979852766862937
18110209,09CLC,Ex7,18110069,02CLC,Ex1,0.6372145592467859
18110209,09CLC,Ex7,18110069,02CLC,Ex3,0.8364281340972665
18110209,09CLC,Ex7,18110069,02CLC,Ex8,0.698140989780426
18110209,09CLC,Ex7,18110069,02CLC,Ex2,0.8048080197862677
18110209,09CLC,Ex7,18110069,02CLC,Ex6,0.78055688085784
18110209,09CLC,Ex7,18110069,02CLC,Ex4,0.8050602317393363
18110209,09CLC,Ex7,18110070,02CLC,Ex7,0.7946125104979428
18110209,09CLC,Ex7,18110070,02CLC,Ex5,0.779189493056837
18110209,09CLC,Ex7,18110070,02CLC,Ex1,0.6875940640954852
18110209,09CLC,Ex7,18110070,02CLC,Ex3,0.8293739949854521
18110209,09CLC,Ex7,18110070,02CLC,Ex8,0.7743961649524557
18110209,09CLC,Ex7,18110070,02CLC,Ex2,0.8704504040350397
18110209,09CLC,Ex7,18110070,02CLC,Ex4,0.7895053525344801
18110209,09CLC,Ex7,18110072,08CLC,Ex7,0.8190587715486463
18110209,09CLC,Ex7,18110072,08CLC,Ex5,0.7850704497075176
18110209,09CLC,Ex7,18110072,08CLC,Ex1,0.677781021399867
18110209,09CLC,Ex7,18110072,08CLC,Ex3,0.8209239390492439
18110209,09CLC,Ex7,18110072,08CLC,Ex8,0.7829004360320873
18110209,09CLC,Ex7,18110072,08CLC,Ex2,0.8943510620544354
18110209,09CLC,Ex7,18110072,08CLC,Ex6,0.8093619243938381
18110209,09CLC,Ex7,18110072,08CLC,Ex4,0.7886445577357225
18110209,09CLC,Ex7,18110073,09CLC,Ex7,0.7633673379818599
18110209,09CLC,Ex7,18110073,09CLC,Ex5,0.7436845944347706
18110209,09CLC,Ex7,18110073,09CLC,Ex1,0.6563345630593757
18110209,09CLC,Ex7,18110073,09CLC,Ex3,0.7877425784044129
18110209,09CLC,Ex7,18110073,09CLC,Ex8,0.7306391277530943
18110209,09CLC,Ex7,18110073,09CLC,Ex2,0.8447085469961166
18110209,09CLC,Ex7,18110073,09CLC,Ex6,0.7632786274872012
18110209,09CLC,Ex7,18110073,09CLC,Ex4,0.7479165931232273
18110209,09CLC,Ex7,18110074,09CLC,Ex7,0.7873721123600556
18110209,09CLC,Ex7,18110074,09CLC,Ex5,0.7552353435347223
18110209,09CLC,Ex7,18110074,09CLC,Ex1,0.680663917656545
18110209,09CLC,Ex7,18110074,09CLC,Ex3,0.7991394355483011
18110209,09CLC,Ex7,18110074,09CLC,Ex2,0.813680667270962
18110209,09CLC,Ex7,18110074,09CLC,Ex6,0.7889122352847513
18110209,09CLC,Ex7,18110074,09CLC,Ex4,0.7393307831576642
18110209,09CLC,Ex7,18110075,08CLC,Ex7,0.8086343319977031
18110209,09CLC,Ex7,18110075,08CLC,Ex5,0.7823508989264947
18110209,09CLC,Ex7,18110075,08CLC,Ex1,0.6613527367454629
18110209,09CLC,Ex7,18110075,08CLC,Ex3,0.8390306962860955
18110209,09CLC,Ex7,18110075,08CLC,Ex8,0.7408925652445874
18110209,09CLC,Ex7,18110075,08CLC,Ex2,0.8782644417881965
18110209,09CLC,Ex7,18110075,08CLC,Ex6,0.7957605296198059
18110209,09CLC,Ex7,18110075,08CLC,Ex4,0.7769278487781199
18110209,09CLC,Ex7,18110079,09CLC,Ex1,0.7469928445560592
18110209,09CLC,Ex7,18110079,09CLC,Ex3,0.9069979637861252
18110209,09CLC,Ex7,18110079,09CLC,Ex8,0.8026019955493527
18110209,09CLC,Ex7,18110079,09CLC,Ex2,0.940809601690711
18110209,09CLC,Ex7,18110079,09CLC,Ex6,0.8536052492158166
18110209,09CLC,Ex7,18110079,09CLC,Ex4,0.8362619357512278
18110209,09CLC,Ex7,18110080,08CLC,Ex1,0.6682733011742433
18110209,09CLC,Ex7,18110080,08CLC,Ex3,0.8331676218509674
18110209,09CLC,Ex7,18110080,08CLC,Ex2,0.9475130107667711
18110209,09CLC,Ex7,18110082,09CLC,Ex7,0.789908832277276
18110209,09CLC,Ex7,18110082,09CLC,Ex5,0.8066320528488348
18110209,09CLC,Ex7,18110082,09CLC,Ex1,0.7069625693439233
18110209,09CLC,Ex7,18110082,09CLC,Ex3,0.8365849105910184
18110209,09CLC,Ex7,18110082,09CLC,Ex2,0.8833204400845063
18110209,09CLC,Ex7,18110082,09CLC,Ex4,0.7634191569227439
18110209,09CLC,Ex7,18110086,09CLC,Ex7,0.7739057676316058
18110209,09CLC,Ex7,18110086,09CLC,Ex5,0.7601906379944161
18110209,09CLC,Ex7,18110086,09CLC,Ex1,0.7117575689085892
18110209,09CLC,Ex7,18110086,09CLC,Ex3,0.8438952612249475
18110209,09CLC,Ex7,18110086,09CLC,Ex8,0.747140099055803
18110209,09CLC,Ex7,18110086,09CLC,Ex2,0.8941963450160137
18110209,09CLC,Ex7,18110086,09CLC,Ex6,0.773490768376809
18110209,09CLC,Ex7,18110086,09CLC,Ex4,0.800811413703984
18110209,09CLC,Ex7,18110090,08CLC,Ex7,0.7804101581004128
18110209,09CLC,Ex7,18110090,08CLC,Ex5,0.7385319665074348
18110209,09CLC,Ex7,18110090,08CLC,Ex1,0.6734572169236365
18110209,09CLC,Ex7,18110090,08CLC,Ex3,0.8339037918325128
18110209,09CLC,Ex7,18110090,08CLC,Ex8,0.73779594971992
18110209,09CLC,Ex7,18110090,08CLC,Ex2,0.8896720527884472
18110209,09CLC,Ex7,18110090,08CLC,Ex6,0.7697777431940785
18110209,09CLC,Ex7,18110090,08CLC,Ex4,0.7156235401332378
18110209,09CLC,Ex7,18110091,09CLC,Ex7,0.6720167123687245
18110209,09CLC,Ex7,18110091,09CLC,Ex5,0.6417071895754856
18110209,09CLC,Ex7,18110091,09CLC,Ex1,0.7045082367450288
18110209,09CLC,Ex7,18110091,09CLC,Ex3,0.8094739500019286
18110209,09CLC,Ex7,18110091,09CLC,Ex8,0.6731626905108753
18110209,09CLC,Ex7,18110091,09CLC,Ex2,0.8684217593697614
18110209,09CLC,Ex7,18110091,09CLC,Ex4,0.7957853038432234
18110209,09CLC,Ex7,18110094,09CLC,Ex7,0.8469834124749424
18110209,09CLC,Ex7,18110094,09CLC,Ex5,0.8089896419592071
18110209,09CLC,Ex7,18110094,09CLC,Ex1,0.6663998201489448
18110209,09CLC,Ex7,18110094,09CLC,Ex3,0.8971611794829368
18110209,09CLC,Ex7,18110094,09CLC,Ex8,0.8046795864105225
18110209,09CLC,Ex7,18110094,09CLC,Ex2,0.9305266393792062
18110209,09CLC,Ex7,18110094,09CLC,Ex6,0.8300843209896273
18110209,09CLC,Ex7,18110094,09CLC,Ex4,0.8164418005257201
18110209,09CLC,Ex7,18110098,09CLC,Ex7,0.8875604161771677
18110209,09CLC,Ex7,18110098,09CLC,Ex5,0.8515488718030522
18110209,09CLC,Ex7,18110098,09CLC,Ex1,0.684406867561241
18110209,09CLC,Ex7,18110098,09CLC,Ex3,0.865482608848643
18110209,09CLC,Ex7,18110098,09CLC,Ex2,0.9228442415248516
18110209,09CLC,Ex7,18110098,09CLC,Ex6,0.877682550669574
18110209,09CLC,Ex7,18110098,09CLC,Ex4,0.8718450182193035
18110209,09CLC,Ex7,18110100,09CLC,Ex7,0.782814947419426
18110209,09CLC,Ex7,18110100,09CLC,Ex5,0.7475938276595661
18110209,09CLC,Ex7,18110100,09CLC,Ex1,0.6676900519356543
18110209,09CLC,Ex7,18110100,09CLC,Ex3,0.8052126539973762
18110209,09CLC,Ex7,18110100,09CLC,Ex8,0.7451165451398699
18110209,09CLC,Ex7,18110100,09CLC,Ex2,0.8968962181446164
18110209,09CLC,Ex7,18110100,09CLC,Ex6,0.7702260106309967
18110209,09CLC,Ex7,18110100,09CLC,Ex4,0.731270556197022
18110209,09CLC,Ex7,18110101,08CLC,Ex7,0.7707939370594203
18110209,09CLC,Ex7,18110101,08CLC,Ex5,0.7502552241294641
18110209,09CLC,Ex7,18110101,08CLC,Ex1,0.6753515930041759
18110209,09CLC,Ex7,18110101,08CLC,Ex3,0.8171104910197081
18110209,09CLC,Ex7,18110101,08CLC,Ex8,0.732051762793828
18110209,09CLC,Ex7,18110101,08CLC,Ex2,0.8676824292131499
18110209,09CLC,Ex7,18110101,08CLC,Ex6,0.7711320304125547
18110209,09CLC,Ex7,18110101,08CLC,Ex4,0.7598812418298487
18110209,09CLC,Ex7,18110103,08CLC,Ex7,0.781112086135528
18110209,09CLC,Ex7,18110103,08CLC,Ex5,0.8004196138710392
18110209,09CLC,Ex7,18110103,08CLC,Ex1,0.6362899065236834
18110209,09CLC,Ex7,18110103,08CLC,Ex3,0.8762388027849651
18110209,09CLC,Ex7,18110103,08CLC,Ex8,0.7380584250313575
18110209,09CLC,Ex7,18110103,08CLC,Ex2,0.9072484457760714
18110209,09CLC,Ex7,18110103,08CLC,Ex6,0.7670718996720474
18110209,09CLC,Ex7,18110103,08CLC,Ex4,0.8378751200178395
18110209,09CLC,Ex7,18110104,08CLC,Ex7,0.8578412671237302
18110209,09CLC,Ex7,18110104,08CLC,Ex5,0.8190547077585075
18110209,09CLC,Ex7,18110104,08CLC,Ex1,0.6737223969908749
18110209,09CLC,Ex7,18110104,08CLC,Ex3,0.8326112414763226
18110209,09CLC,Ex7,18110104,08CLC,Ex8,0.7905344109518737
18110209,09CLC,Ex7,18110104,08CLC,Ex2,0.9183119709020132
18110209,09CLC,Ex7,18110104,08CLC,Ex6,0.8413635251863724
18110209,09CLC,Ex7,18110104,08CLC,Ex4,0.8344455747692673
18110209,09CLC,Ex7,18110105,09CLC,Ex7,0.8552922757639401
18110209,09CLC,Ex7,18110105,09CLC,Ex5,0.8213126625441298
18110209,09CLC,Ex7,18110105,09CLC,Ex1,0.6786530516717745
18110209,09CLC,Ex7,18110105,09CLC,Ex3,0.8565465684764642
18110209,09CLC,Ex7,18110105,09CLC,Ex2,0.8574349684740907
18110209,09CLC,Ex7,18110105,09CLC,Ex6,0.8419075567572395
18110209,09CLC,Ex7,18110105,09CLC,Ex4,0.8209047781569617
18110209,09CLC,Ex7,18110111,09CLC,Ex7,0.837214333182428
18110209,09CLC,Ex7,18110111,09CLC,Ex5,0.810433196260574
18110209,09CLC,Ex7,18110111,09CLC,Ex1,0.6666351073336872
18110209,09CLC,Ex7,18110111,09CLC,Ex3,0.8188255192978041
18110209,09CLC,Ex7,18110111,09CLC,Ex8,0.7907661539919182
18110209,09CLC,Ex7,18110111,09CLC,Ex2,0.9074025192568379
18110209,09CLC,Ex7,18110111,09CLC,Ex6,0.8274518942256617
18110209,09CLC,Ex7,18110111,09CLC,Ex4,0.8137310982443565
18110209,09CLC,Ex7,18110112,08CLC,Ex7,0.8330332081303495
18110209,09CLC,Ex7,18110112,08CLC,Ex5,0.8155650761696177
18110209,09CLC,Ex7,18110112,08CLC,Ex1,0.6787518135271966
18110209,09CLC,Ex7,18110112,08CLC,Ex3,0.8086422471575034
18110209,09CLC,Ex7,18110112,08CLC,Ex8,0.7408925652445874
18110209,09CLC,Ex7,18110112,08CLC,Ex2,0.8399154950006336
18110209,09CLC,Ex7,18110112,08CLC,Ex6,0.8179603772368401
18110209,09CLC,Ex7,18110112,08CLC,Ex4,0.8126119705346915
18110209,09CLC,Ex7,18110114,08CLC,Ex7,0.7937797356155974
18110209,09CLC,Ex7,18110114,08CLC,Ex5,0.7893785323244501
18110209,09CLC,Ex7,18110114,08CLC,Ex1,0.6667525396197141
18110209,09CLC,Ex7,18110114,08CLC,Ex3,0.8101924333307479
18110209,09CLC,Ex7,18110114,08CLC,Ex2,0.8715890370882474
18110209,09CLC,Ex7,18110114,08CLC,Ex6,0.7918364772368373
18110209,09CLC,Ex7,18110114,08CLC,Ex4,0.7786557426363785
18110209,09CLC,Ex7,18110115,09CLC,Ex7,0.821974456525607
18110209,09CLC,Ex7,18110115,09CLC,Ex5,0.8108213265277758
18110209,09CLC,Ex7,18110115,09CLC,Ex1,0.6543341500617061
18110209,09CLC,Ex7,18110115,09CLC,Ex3,0.8496062106402346
18110209,09CLC,Ex7,18110115,09CLC,Ex2,0.9075241236204512
18110209,09CLC,Ex7,18110115,09CLC,Ex6,0.8070243910906163
18110209,09CLC,Ex7,18110115,09CLC,Ex4,0.8350888311862945
18110209,09CLC,Ex7,18110123,08CLC,Ex7,0.8524903101580483
18110209,09CLC,Ex7,18110123,08CLC,Ex5,0.8457668660438225
18110209,09CLC,Ex7,18110123,08CLC,Ex1,0.6747669856838819
18110209,09CLC,Ex7,18110123,08CLC,Ex3,0.8747322624272639
18110209,09CLC,Ex7,18110123,08CLC,Ex8,0.8482927795379392
18110209,09CLC,Ex7,18110123,08CLC,Ex2,0.9201850927906272
18110209,09CLC,Ex7,18110123,08CLC,Ex6,0.8507925687598533
18110209,09CLC,Ex7,18110123,08CLC,Ex4,0.8568356630401076
18110209,09CLC,Ex7,18110128,09CLC,Ex7,0.8379281540348958
18110209,09CLC,Ex7,18110128,09CLC,Ex5,0.782361370883882
18110209,09CLC,Ex7,18110128,09CLC,Ex1,0.8182974636022534
18110209,09CLC,Ex7,18110128,09CLC,Ex3,0.8512001259893668
18110209,09CLC,Ex7,18110128,09CLC,Ex2,0.897259458428935
18110209,09CLC,Ex7,18110128,09CLC,Ex6,0.8220559220134684
18110209,09CLC,Ex7,18110128,09CLC,Ex4,0.8276057406113698
18110209,09CLC,Ex7,18110130,08CLC,Ex7,0.8086343319977031
18110209,09CLC,Ex7,18110130,08CLC,Ex5,0.7844852024817285
18110209,09CLC,Ex7,18110130,08CLC,Ex1,0.6434677770568265
18110209,09CLC,Ex7,18110130,08CLC,Ex3,0.8303073884835884
18110209,09CLC,Ex7,18110130,08CLC,Ex8,0.7408925652445874
18110209,09CLC,Ex7,18110130,08CLC,Ex2,0.8779808982294433
18110209,09CLC,Ex7,18110130,08CLC,Ex6,0.7943041762008386
18110209,09CLC,Ex7,18110130,08CLC,Ex4,0.7780406972370952
18110209,09CLC,Ex7,18110131,08CLC,Ex7,0.8093371748599434
18110209,09CLC,Ex7,18110131,08CLC,Ex5,0.7713735334908784
18110209,09CLC,Ex7,18110131,08CLC,Ex1,0.6653902146151696
18110209,09CLC,Ex7,18110131,08CLC,Ex3,0.8045491240078345
18110209,09CLC,Ex7,18110131,08CLC,Ex2,0.907695865280488
18110209,09CLC,Ex7,18110131,08CLC,Ex6,0.7949260145340403
18110209,09CLC,Ex7,18110131,08CLC,Ex4,0.7550362863021189
18110209,09CLC,Ex7,18110139,09CLC,Ex5,0.8104284012317657
18110209,09CLC,Ex7,18110139,09CLC,Ex1,0.6737679520339677
18110209,09CLC,Ex7,18110139,09CLC,Ex3,0.8963507218020302
18110209,09CLC,Ex7,18110139,09CLC,Ex8,0.7866541927311278
18110209,09CLC,Ex7,18110139,09CLC,Ex2,0.9460678511941937
18110209,09CLC,Ex7,18110139,09CLC,Ex6,0.8249009428485747
18110209,09CLC,Ex7,18110139,09CLC,Ex4,0.7979533016681671
18110209,09CLC,Ex7,18110141,09CLC,Ex7,0.8121369103913708
18110209,09CLC,Ex7,18110141,09CLC,Ex5,0.7947377046803012
18110209,09CLC,Ex7,18110141,09CLC,Ex1,0.66450580438091
18110209,09CLC,Ex7,18110141,09CLC,Ex3,0.8160803981017375
18110209,09CLC,Ex7,18110141,09CLC,Ex8,0.7584144739060082
18110209,09CLC,Ex7,18110141,09CLC,Ex2,0.8898777964624386
18110209,09CLC,Ex7,18110141,09CLC,Ex6,0.8052799480062135
18110209,09CLC,Ex7,18110141,09CLC,Ex4,0.7893897273848134
18110209,09CLC,Ex7,18110142,08CLC,Ex7,0.7729276032627695
18110209,09CLC,Ex7,18110142,08CLC,Ex5,0.7415614718640292
18110209,09CLC,Ex7,18110142,08CLC,Ex1,0.7311085699235692
18110209,09CLC,Ex7,18110142,08CLC,Ex3,0.8338048411854382
18110209,09CLC,Ex7,18110142,08CLC,Ex8,0.7329203510997527
18110209,09CLC,Ex7,18110142,08CLC,Ex2,0.8886734131843813
18110209,09CLC,Ex7,18110142,08CLC,Ex6,0.7428876421249965
18110209,09CLC,Ex7,18110142,08CLC,Ex4,0.7738933939358283
18110209,09CLC,Ex7,18110144,08CLC,Ex7,0.8405231448737058
18110209,09CLC,Ex7,18110144,08CLC,Ex5,0.7985312446756655
18110209,09CLC,Ex7,18110144,08CLC,Ex1,0.6739271426234733
18110209,09CLC,Ex7,18110144,08CLC,Ex3,0.9117338671081368
18110209,09CLC,Ex7,18110144,08CLC,Ex8,0.8183709861176259
18110209,09CLC,Ex7,18110144,08CLC,Ex2,0.9117338671081368
18110209,09CLC,Ex7,18110144,08CLC,Ex6,0.8248846315728209
18110209,09CLC,Ex7,18110144,08CLC,Ex4,0.7964425854874353
18110209,09CLC,Ex7,18110151,08CLC,Ex7,0.8067144036113497
18110209,09CLC,Ex7,18110151,08CLC,Ex5,0.7920363490624278
18110209,09CLC,Ex7,18110151,08CLC,Ex1,0.6750866628704015
18110209,09CLC,Ex7,18110151,08CLC,Ex3,0.8246447451669594
18110209,09CLC,Ex7,18110151,08CLC,Ex8,0.763969370618342
18110209,09CLC,Ex7,18110151,08CLC,Ex2,0.8737284108832643
18110209,09CLC,Ex7,18110151,08CLC,Ex6,0.8080664035057862
18110209,09CLC,Ex7,18110151,08CLC,Ex4,0.8072044484317302
18110209,09CLC,Ex7,18110156,08CLC,Ex5,0.7831131544873471
18110209,09CLC,Ex7,18110156,08CLC,Ex1,0.69083827742657
18110209,09CLC,Ex7,18110156,08CLC,Ex3,0.7682182244632555
18110209,09CLC,Ex7,18110156,08CLC,Ex2,0.8492400471894246
18110209,09CLC,Ex7,18110156,08CLC,Ex6,0.7735043660624215
18110209,09CLC,Ex7,18110156,08CLC,Ex4,0.7777330320395396
18110209,09CLC,Ex7,18110158,08CLC,Ex7,0.8289594461438413
18110209,09CLC,Ex7,18110158,08CLC,Ex5,0.7862037419020629
18110209,09CLC,Ex7,18110158,08CLC,Ex1,0.6694916742800296
18110209,09CLC,Ex7,18110158,08CLC,Ex3,0.8578134546102572
18110209,09CLC,Ex7,18110158,08CLC,Ex8,0.7742026773855326
18110209,09CLC,Ex7,18110158,08CLC,Ex2,0.9377826263264912
18110209,09CLC,Ex7,18110158,08CLC,Ex6,0.8149749505726588
18110209,09CLC,Ex7,18110158,08CLC,Ex4,0.7784854640131411
18110209,09CLC,Ex7,18110160,08CLC,Ex7,0.7862826067553418
18110209,09CLC,Ex7,18110160,08CLC,Ex5,0.7606857460666829
18110209,09CLC,Ex7,18110160,08CLC,Ex1,0.669732204249927
18110209,09CLC,Ex7,18110160,08CLC,Ex3,0.8041412308216095
18110209,09CLC,Ex7,18110160,08CLC,Ex8,0.7512804052496064
18110209,09CLC,Ex7,18110160,08CLC,Ex2,0.8753880962729454
18110209,09CLC,Ex7,18110160,08CLC,Ex6,0.7739569717956768
18110209,09CLC,Ex7,18110160,08CLC,Ex4,0.7753131885987681
18110209,09CLC,Ex7,18110164,08CLC,Ex7,0.8552922757639401
18110209,09CLC,Ex7,18110164,08CLC,Ex5,0.8213126625441298
18110209,09CLC,Ex7,18110164,08CLC,Ex1,0.6684135389861776
18110209,09CLC,Ex7,18110164,08CLC,Ex3,0.855665244039942
18110209,09CLC,Ex7,18110164,08CLC,Ex8,0.7761570051989772
18110209,09CLC,Ex7,18110164,08CLC,Ex2,0.9256606251001358
18110209,09CLC,Ex7,18110164,08CLC,Ex6,0.8419075567572395
18110209,09CLC,Ex7,18110164,08CLC,Ex4,0.8209047781569617
18110209,09CLC,Ex7,18110168,08CLC,Ex7,0.7655769069584049
18110209,09CLC,Ex7,18110168,08CLC,Ex5,0.7420138786531517
18110209,09CLC,Ex7,18110168,08CLC,Ex1,0.6678070593625307
18110209,09CLC,Ex7,18110168,08CLC,Ex3,0.8109800058106581
18110209,09CLC,Ex7,18110168,08CLC,Ex8,0.7470557965676893
18110209,09CLC,Ex7,18110168,08CLC,Ex2,0.9276320262010708
18110209,09CLC,Ex7,18110168,08CLC,Ex6,0.7558464879790942
18110209,09CLC,Ex7,18110168,08CLC,Ex4,0.7673005900540195
18110209,09CLC,Ex7,18110169,08CLC,Ex7,0.7972174764835274
18110209,09CLC,Ex7,18110169,08CLC,Ex5,0.7815747252768941
18110209,09CLC,Ex7,18110169,08CLC,Ex1,0.6764015427250771
18110209,09CLC,Ex7,18110169,08CLC,Ex3,0.8432983935789298
18110209,09CLC,Ex7,18110169,08CLC,Ex8,0.7849717682879161
18110209,09CLC,Ex7,18110169,08CLC,Ex2,0.9043606407539819
18110209,09CLC,Ex7,18110169,08CLC,Ex6,0.806935163386144
18110209,09CLC,Ex7,18110169,08CLC,Ex4,0.8249559137803405
18110209,09CLC,Ex7,18110178,08CLC,Ex7,0.8031510735628405
18110209,09CLC,Ex7,18110178,08CLC,Ex5,0.7725045056322256
18110209,09CLC,Ex7,18110178,08CLC,Ex1,0.6729346036359116
18110209,09CLC,Ex7,18110178,08CLC,Ex3,0.8186566976123842
18110209,09CLC,Ex7,18110178,08CLC,Ex8,0.7396084758912378
18110209,09CLC,Ex7,18110178,08CLC,Ex2,0.8890974315313193
18110209,09CLC,Ex7,18110178,08CLC,Ex6,0.7925207856617844
18110209,09CLC,Ex7,18110178,08CLC,Ex4,0.7709770629866214
18110209,09CLC,Ex7,18110186,09CLC,Ex7,0.7875575057037596
18110209,09CLC,Ex7,18110186,09CLC,Ex5,0.7542024789047879
18110209,09CLC,Ex7,18110186,09CLC,Ex1,0.7305506499007691
18110209,09CLC,Ex7,18110186,09CLC,Ex3,0.7978073198567418
18110209,09CLC,Ex7,18110186,09CLC,Ex8,0.7515275598487561
18110209,09CLC,Ex7,18110186,09CLC,Ex2,0.8489048260131052
18110209,09CLC,Ex7,18110186,09CLC,Ex6,0.7748263656214356
18110209,09CLC,Ex7,18110186,09CLC,Ex4,0.7690196270184801
18110209,09CLC,Ex7,18110188,09CLC,Ex7,0.8021045173095032
18110209,09CLC,Ex7,18110188,09CLC,Ex5,0.7592136427860132
18110209,09CLC,Ex7,18110188,09CLC,Ex1,0.6688274413526777
18110209,09CLC,Ex7,18110188,09CLC,Ex3,0.7408424172459579
18110209,09CLC,Ex7,18110188,09CLC,Ex8,0.7746848680235766
18110209,09CLC,Ex7,18110188,09CLC,Ex2,0.922560057219337
18110209,09CLC,Ex7,18110188,09CLC,Ex6,0.791874407613814
18110209,09CLC,Ex7,18110188,09CLC,Ex4,0.7460726105618751
18110209,09CLC,Ex7,18110189,09CLC,Ex7,0.8536958315195217
18110209,09CLC,Ex7,18110189,09CLC,Ex5,0.8305151785845342
18110209,09CLC,Ex7,18110189,09CLC,Ex1,0.6783692771686783
18110209,09CLC,Ex7,18110189,09CLC,Ex3,0.8583794367132764
18110209,09CLC,Ex7,18110189,09CLC,Ex8,0.7975253128114788
18110209,09CLC,Ex7,18110189,09CLC,Ex2,0.9418208828891617
18110209,09CLC,Ex7,18110189,09CLC,Ex6,0.8443787912009684
18110209,09CLC,Ex7,18110189,09CLC,Ex4,0.8167451996039721
18110209,09CLC,Ex7,18110194,09CLC,Ex7,0.8090779801489602
18110209,09CLC,Ex7,18110194,09CLC,Ex5,0.8471519791490429
18110209,09CLC,Ex7,18110194,09CLC,Ex1,0.6765639759832993
18110209,09CLC,Ex7,18110194,09CLC,Ex3,0.8916450528183368
18110209,09CLC,Ex7,18110194,09CLC,Ex8,0.7590574929925883
18110209,09CLC,Ex7,18110194,09CLC,Ex2,0.8888989011446635
18110209,09CLC,Ex7,18110194,09CLC,Ex6,0.7973806293387162
18110209,09CLC,Ex7,18110194,09CLC,Ex4,0.880323562735603
18110209,09CLC,Ex7,18110195,09CLC,Ex5,0.8066320528488348
18110209,09CLC,Ex7,18110195,09CLC,Ex3,0.8679390038762774
18110209,09CLC,Ex7,18110195,09CLC,Ex2,0.9164912294257771
18110209,09CLC,Ex7,18110195,09CLC,Ex4,0.8049309860382762
18110209,09CLC,Ex7,18110196,09CLC,Ex7,0.864124736561181
18110209,09CLC,Ex7,18110196,09CLC,Ex5,0.8291320207507111
18110209,09CLC,Ex7,18110196,09CLC,Ex1,0.6740167732436233
18110209,09CLC,Ex7,18110196,09CLC,Ex3,0.8883091530074244
18110209,09CLC,Ex7,18110196,09CLC,Ex2,0.935046199449273
18110209,09CLC,Ex7,18110196,09CLC,Ex6,0.8532265907002462
18110209,09CLC,Ex7,18110196,09CLC,Ex4,0.8472395303157659
18110209,09CLC,Ex7,18110198,08CLC,Ex1,0.6734196209948357
18110209,09CLC,Ex7,18110199,08CLC,Ex7,0.8127398709649827
18110209,09CLC,Ex7,18110199,08CLC,Ex5,0.7924789531777302
18110209,09CLC,Ex7,18110199,08CLC,Ex1,0.6871821358140591
18110209,09CLC,Ex7,18110199,08CLC,Ex3,0.824430667959592
18110209,09CLC,Ex7,18110199,08CLC,Ex8,0.7414642782941941
18110209,09CLC,Ex7,18110199,08CLC,Ex2,0.8880883670679414
18110209,09CLC,Ex7,18110199,08CLC,Ex6,0.8063033712761742
18110209,09CLC,Ex7,18110199,08CLC,Ex4,0.7850883829893556
18110209,09CLC,Ex7,18110201,08CLC,Ex7,0.7628842804705698
18110209,09CLC,Ex7,18110201,08CLC,Ex5,0.7458804577377671
18110209,09CLC,Ex7,18110201,08CLC,Ex1,0.6719129053521747
18110209,09CLC,Ex7,18110201,08CLC,Ex3,0.7685915035058241
18110209,09CLC,Ex7,18110201,08CLC,Ex8,0.7212042271450002
18110209,09CLC,Ex7,18110201,08CLC,Ex2,0.799574928908121
18110209,09CLC,Ex7,18110201,08CLC,Ex6,0.7488758119561726
18110209,09CLC,Ex7,18110201,08CLC,Ex4,0.7417830837729537
18110209,09CLC,Ex7,18110202,09CLC,Ex7,0.7941510062937862
18110209,09CLC,Ex7,18110202,09CLC,Ex5,0.7885026677176055
18110209,09CLC,Ex7,18110202,09CLC,Ex3,0.8344349070931926
18110209,09CLC,Ex7,18110202,09CLC,Ex8,0.7605233189176049
18110209,09CLC,Ex7,18110202,09CLC,Ex2,0.9183958082698113
18110209,09CLC,Ex7,18110202,09CLC,Ex6,0.7962453609991282
18110209,09CLC,Ex7,18110202,09CLC,Ex4,0.8055278393281561
18110209,09CLC,Ex7,18110204,09CLC,Ex7,0.8013951853309808
18110209,09CLC,Ex7,18110204,09CLC,Ex5,0.774570209141892
18110209,09CLC,Ex7,18110204,09CLC,Ex1,0.6761461740106712
18110209,09CLC,Ex7,18110204,09CLC,Ex3,0.8269144227107366
18110209,09CLC,Ex7,18110204,09CLC,Ex8,0.7418354911053128
18110209,09CLC,Ex7,18110204,09CLC,Ex2,0.9258992955627212
18110209,09CLC,Ex7,18110204,09CLC,Ex6,0.7911514961276173
18110209,09CLC,Ex7,18110204,09CLC,Ex4,0.7765404395524811
18110209,09CLC,Ex7,18110206,09CLC,Ex7,0.8358722289462062
18110209,09CLC,Ex7,18110206,09CLC,Ex5,0.8066320528488348
18110209,09CLC,Ex7,18110206,09CLC,Ex1,0.667206102383067
18110209,09CLC,Ex7,18110206,09CLC,Ex3,0.8503152166755454
18110209,09CLC,Ex7,18110206,09CLC,Ex8,0.8130752666470986
18110209,09CLC,Ex7,18110206,09CLC,Ex2,0.8611453223613
18110209,09CLC,Ex7,18110206,09CLC,Ex6,0.8226187553912698
18110209,09CLC,Ex7,18110206,09CLC,Ex4,0.8139835717232247
18110209,09CLC,Ex7,18110207,08CLC,Ex7,0.7194070734438442
18110209,09CLC,Ex7,18110207,08CLC,Ex5,0.7135704718530178
18110209,09CLC,Ex7,18110207,08CLC,Ex1,0.6885359770010325
18110209,09CLC,Ex7,18110207,08CLC,Ex3,0.7603444387870175
18110209,09CLC,Ex7,18110207,08CLC,Ex8,0.7068274440577781
18110209,09CLC,Ex7,18110207,08CLC,Ex2,0.8226538673043251
18110209,09CLC,Ex7,18110207,08CLC,Ex6,0.7037925819060452
18110209,09CLC,Ex7,18110207,08CLC,Ex4,0.7399304242221856
18110209,09CLC,Ex7,18110209,09CLC,Ex7,0.9999999989925975
18110209,09CLC,Ex7,18110209,09CLC,Ex5,0.9746719697713851
18110209,09CLC,Ex7,18110209,09CLC,Ex1,0.6848897244005153
18110209,09CLC,Ex7,18110209,09CLC,Ex3,0.8881696585624937
18110209,09CLC,Ex7,18110209,09CLC,Ex8,0.8777109356766397
18110209,09CLC,Ex7,18110209,09CLC,Ex2,0.9582247639403624
18110209,09CLC,Ex7,18110209,09CLC,Ex6,0.9864109841853204
18110209,09CLC,Ex7,18110209,09CLC,Ex4,0.9805302795634341
18110209,09CLC,Ex7,18110210,08CLC,Ex7,0.8041456841370639
18110209,09CLC,Ex7,18110210,08CLC,Ex5,0.7799512766068801
18110209,09CLC,Ex7,18110210,08CLC,Ex1,0.6677285398830447
18110209,09CLC,Ex7,18110210,08CLC,Ex3,0.8030562636213027
18110209,09CLC,Ex7,18110210,08CLC,Ex8,0.7620850934705756
18110209,09CLC,Ex7,18110210,08CLC,Ex2,0.8894755253286073
18110209,09CLC,Ex7,18110210,08CLC,Ex6,0.8059404766073033
18110209,09CLC,Ex7,18110210,08CLC,Ex4,0.7747088422083995
18110209,09CLC,Ex7,18110211,08CLC,Ex5,0.8587433995462913
18110209,09CLC,Ex7,18110211,08CLC,Ex1,0.6752182644190667
18110209,09CLC,Ex7,18110211,08CLC,Ex3,0.884063765832356
18110209,09CLC,Ex7,18110211,08CLC,Ex2,0.9009330547518201
18110209,09CLC,Ex7,18110211,08CLC,Ex6,0.8414559269823679
18110209,09CLC,Ex7,18110211,08CLC,Ex4,0.8746949354989813
18110209,09CLC,Ex7,18110217,08CLC,Ex7,0.8145586473252767
18110209,09CLC,Ex7,18110217,08CLC,Ex5,0.7763275431651695
18110209,09CLC,Ex7,18110217,08CLC,Ex1,0.6689054667078264
18110209,09CLC,Ex7,18110217,08CLC,Ex3,0.8585638377043578
18110209,09CLC,Ex7,18110217,08CLC,Ex8,0.7643863733841165
18110209,09CLC,Ex7,18110217,08CLC,Ex2,0.9251337765261184
18110209,09CLC,Ex7,18110217,08CLC,Ex6,0.8039076143407566
18110209,09CLC,Ex7,18110217,08CLC,Ex4,0.7618025295263113
18110209,09CLC,Ex7,18110220,09CLC,Ex7,0.8390846270602197
18110209,09CLC,Ex7,18110220,09CLC,Ex5,0.8196932653722153
18110209,09CLC,Ex7,18110220,09CLC,Ex1,0.6878872506320477
18110209,09CLC,Ex7,18110220,09CLC,Ex3,0.8408337204523806
18110209,09CLC,Ex7,18110220,09CLC,Ex8,0.7699116008264608
18110209,09CLC,Ex7,18110220,09CLC,Ex2,0.8740148137013117
18110209,09CLC,Ex7,18110220,09CLC,Ex6,0.8316254332022305
18110209,09CLC,Ex7,18110220,09CLC,Ex4,0.829129692419131
18110209,09CLC,Ex7,18110226,08CLC,Ex5,0.9251515490037424
18110209,09CLC,Ex7,18110226,08CLC,Ex1,0.6829167128014727
18110209,09CLC,Ex7,18110232,08CLC,Ex7,0.8284113947460402
18110209,09CLC,Ex7,18110232,08CLC,Ex5,0.7978241685055947
18110209,09CLC,Ex7,18110232,08CLC,Ex1,0.6625998442006462
18110209,09CLC,Ex7,18110232,08CLC,Ex3,0.8228008681394923
18110209,09CLC,Ex7,18110232,08CLC,Ex8,0.7745198619692293
18110209,09CLC,Ex7,18110232,08CLC,Ex2,0.8965517470711156
18110209,09CLC,Ex7,18110232,08CLC,Ex6,0.8183379835752119
18110209,09CLC,Ex7,18110232,08CLC,Ex4,0.7745676611538057
18110209,09CLC,Ex7,18110234,08CLC,Ex7,0.7421298892866643
18110209,09CLC,Ex7,18110234,08CLC,Ex5,0.7135324958179678
18110209,09CLC,Ex7,18110234,08CLC,Ex1,0.644579019684058
18110209,09CLC,Ex7,18110234,08CLC,Ex3,0.7616899246222353
18110209,09CLC,Ex7,18110234,08CLC,Ex8,0.7131291125431534
18110209,09CLC,Ex7,18110234,08CLC,Ex2,0.8471022150894203
18110209,09CLC,Ex7,18110234,08CLC,Ex6,0.7314909023296147
18110209,09CLC,Ex7,18110234,08CLC,Ex4,0.7419277540678103
18110209,09CLC,Ex7,18110235,09CLC,Ex7,0.8286254034065473
18110209,09CLC,Ex7,18110235,09CLC,Ex5,0.7937350827886398
18110209,09CLC,Ex7,18110235,09CLC,Ex1,0.6668328034098853
18110209,09CLC,Ex7,18110235,09CLC,Ex3,0.837091512124957
18110209,09CLC,Ex7,18110235,09CLC,Ex8,0.7593556253146801
18110209,09CLC,Ex7,18110235,09CLC,Ex2,0.9013861199220021
18110209,09CLC,Ex7,18110235,09CLC,Ex6,0.8156112667692955
18110209,09CLC,Ex7,18110235,09CLC,Ex4,0.7812828215770423
18110209,09CLC,Ex7,18110238,09CLC,Ex7,0.7798396501116162
18110209,09CLC,Ex7,18110238,09CLC,Ex5,0.766081023393041
18110209,09CLC,Ex7,18110238,09CLC,Ex1,0.7572548849540844
18110209,09CLC,Ex7,18110238,09CLC,Ex3,0.8377947777259249
18110209,09CLC,Ex7,18110238,09CLC,Ex8,0.775395924522111
18110209,09CLC,Ex7,18110238,09CLC,Ex2,0.894768585120478
18110209,09CLC,Ex7,18110238,09CLC,Ex6,0.7611330077761695
18110209,09CLC,Ex7,18110238,09CLC,Ex4,0.7985354017238228
18110209,09CLC,Ex7,18110239,09CLC,Ex7,0.7658037721122826
18110209,09CLC,Ex7,18110239,09CLC,Ex5,0.7456953927278519
18110209,09CLC,Ex7,18110239,09CLC,Ex1,0.6972456066129363
18110209,09CLC,Ex7,18110239,09CLC,Ex3,0.7851901563271036
18110209,09CLC,Ex7,18110239,09CLC,Ex8,0.7418417933318501
18110209,09CLC,Ex7,18110239,09CLC,Ex2,0.8613038073693003
18110209,09CLC,Ex7,18110239,09CLC,Ex6,0.7517964496465722
18110209,09CLC,Ex7,18110239,09CLC,Ex4,0.7121658010196082
18110209,09CLC,Ex7,18110240,09CLC,Ex1,0.673402633941816
18110209,09CLC,Ex7,18110240,09CLC,Ex3,0.8829553894047598
18110209,09CLC,Ex7,18110240,09CLC,Ex2,0.9358088330524724
18110209,09CLC,Ex7,18110242,08CLC,Ex7,0.8408448324209917
18110209,09CLC,Ex7,18110242,08CLC,Ex5,0.7809563223414748
18110209,09CLC,Ex7,18110242,08CLC,Ex1,0.6689066504351577
18110209,09CLC,Ex7,18110242,08CLC,Ex3,0.8706068417667288
18110209,09CLC,Ex7,18110242,08CLC,Ex8,0.7889557207389822
18110209,09CLC,Ex7,18110242,08CLC,Ex2,0.9183822648469792
18110209,09CLC,Ex7,18110242,08CLC,Ex6,0.8292383821838993
18110209,09CLC,Ex7,18110242,08CLC,Ex4,0.7691353584468031
18110209,09CLC,Ex7,18110243,09CLC,Ex7,0.7472974873374943
18110209,09CLC,Ex7,18110243,09CLC,Ex5,0.6935597004761037
18110209,09CLC,Ex7,18110243,09CLC,Ex1,0.7322713345596471
18110209,09CLC,Ex7,18110243,09CLC,Ex3,0.752639932543274
18110209,09CLC,Ex7,18110243,09CLC,Ex8,0.7205963231084918
18110209,09CLC,Ex7,18110243,09CLC,Ex2,0.8562145771144273
18110209,09CLC,Ex7,18110243,09CLC,Ex6,0.7391865653894084
18110209,09CLC,Ex7,18110243,09CLC,Ex4,0.6661554873738457
18110209,09CLC,Ex7,18110250,03DT,Ex1,0.6918603078229353
18110209,09CLC,Ex7,18110250,03DT,Ex3,0.8420870526442452
18110209,09CLC,Ex7,18110250,03DT,Ex2,0.9103851814019053
18110209,09CLC,Ex7,18110250,03DT,Ex6,0.8046771037350794
18110209,09CLC,Ex7,18110250,03DT,Ex4,0.799038793359484
18110209,09CLC,Ex7,18110260,03DT,Ex7,0.8339413631754585
18110209,09CLC,Ex7,18110260,03DT,Ex5,0.8123981302560762
18110209,09CLC,Ex7,18110260,03DT,Ex1,0.6626744008794123
18110209,09CLC,Ex7,18110260,03DT,Ex3,0.8256753795459623
18110209,09CLC,Ex7,18110260,03DT,Ex8,0.7516235838047417
18110209,09CLC,Ex7,18110260,03DT,Ex2,0.884068678532328
18110209,09CLC,Ex7,18110260,03DT,Ex6,0.8232543592070257
18110209,09CLC,Ex7,18110260,03DT,Ex4,0.8191413752960436
18110209,09CLC,Ex7,18110262,03DT,Ex7,0.7918585841270054
18110209,09CLC,Ex7,18110262,03DT,Ex5,0.7505383054284673
18110209,09CLC,Ex7,18110262,03DT,Ex1,0.6776294768752908
18110209,09CLC,Ex7,18110262,03DT,Ex3,0.8255028252995859
18110209,09CLC,Ex7,18110262,03DT,Ex8,0.7598850930959111
18110209,09CLC,Ex7,18110262,03DT,Ex2,0.8758719531962504
18110209,09CLC,Ex7,18110262,03DT,Ex6,0.782207049961601
18110209,09CLC,Ex7,18110262,03DT,Ex4,0.7458015641586929
18110209,09CLC,Ex7,18110270,03DT,Ex7,0.8314349722372343
18110209,09CLC,Ex7,18110270,03DT,Ex5,0.8025789822687943
18110209,09CLC,Ex7,18110270,03DT,Ex1,0.6335244293256503
18110209,09CLC,Ex7,18110270,03DT,Ex3,0.8353243931000974
18110209,09CLC,Ex7,18110270,03DT,Ex8,0.7874234361078242
18110209,09CLC,Ex7,18110270,03DT,Ex2,0.9240852431817488
18110209,09CLC,Ex7,18110270,03DT,Ex6,0.8292145957514799
18110209,09CLC,Ex7,18110270,03DT,Ex4,0.8020366965033484
18110209,09CLC,Ex7,18110274,03DT,Ex7,0.8447780682808823
18110209,09CLC,Ex7,18110274,03DT,Ex1,0.6416093663496225
18110209,09CLC,Ex7,18110274,03DT,Ex8,0.7329184450047873
18110209,09CLC,Ex7,18110274,03DT,Ex2,0.8996223893430498
18110209,09CLC,Ex7,18110274,03DT,Ex6,0.8187989714076218
18110209,09CLC,Ex7,18110274,03DT,Ex4,0.7785312541170057
18110209,09CLC,Ex7,18110275,03DT,Ex5,0.7567991185996492
18110209,09CLC,Ex7,18110275,03DT,Ex1,0.6746351292781663
18110209,09CLC,Ex7,18110275,03DT,Ex3,0.8070872483508927
18110209,09CLC,Ex7,18110275,03DT,Ex8,0.7816342775310788
18110209,09CLC,Ex7,18110275,03DT,Ex2,0.8689880206876871
18110209,09CLC,Ex7,18110275,03DT,Ex6,0.7675897472035822
18110209,09CLC,Ex7,18110275,03DT,Ex4,0.7555349844018209
18110209,09CLC,Ex7,18110276,03DT,Ex7,0.7683373602026721
18110209,09CLC,Ex7,18110276,03DT,Ex5,0.7468023518026781
18110209,09CLC,Ex7,18110276,03DT,Ex1,0.6633922492690159
18110209,09CLC,Ex7,18110276,03DT,Ex3,0.7652332646579578
18110209,09CLC,Ex7,18110276,03DT,Ex8,0.7492736553650531
18110209,09CLC,Ex7,18110276,03DT,Ex2,0.858601948562658
18110209,09CLC,Ex7,18110276,03DT,Ex6,0.7590035261796868
18110209,09CLC,Ex7,18110276,03DT,Ex4,0.7563862290025363
18110209,09CLC,Ex7,18110277,03DT,Ex7,0.8206135431271896
18110209,09CLC,Ex7,18110277,03DT,Ex5,0.7935888941573566
18110209,09CLC,Ex7,18110277,03DT,Ex3,0.8105533963307402
18110209,09CLC,Ex7,18110277,03DT,Ex8,0.7795058020813899
18110209,09CLC,Ex7,18110277,03DT,Ex2,0.9243159078689943
18110209,09CLC,Ex7,18110277,03DT,Ex6,0.8090545918115161
18110209,09CLC,Ex7,18110277,03DT,Ex4,0.8106140002504095
18110209,09CLC,Ex7,18110281,03DT,Ex7,0.7037164222309207
18110209,09CLC,Ex7,18110281,03DT,Ex5,0.7326323356343266
18110209,09CLC,Ex7,18110281,03DT,Ex1,0.6975014864229688
18110209,09CLC,Ex7,18110281,03DT,Ex3,0.8101900644439588
18110209,09CLC,Ex7,18110281,03DT,Ex8,0.693504468737324
18110209,09CLC,Ex7,18110281,03DT,Ex2,0.8795019689426627
18110209,09CLC,Ex7,18110281,03DT,Ex6,0.726159254166969
18110209,09CLC,Ex7,18110281,03DT,Ex4,0.782591926804661
18110209,09CLC,Ex7,18110287,03DT,Ex7,0.7918176067402674
18110209,09CLC,Ex7,18110287,03DT,Ex5,0.7597699989547659
18110209,09CLC,Ex7,18110287,03DT,Ex1,0.7491436524446621
18110209,09CLC,Ex7,18110287,03DT,Ex3,0.7913048017932021
18110209,09CLC,Ex7,18110287,03DT,Ex8,0.7555572878983285
18110209,09CLC,Ex7,18110287,03DT,Ex2,0.8930179519312722
18110209,09CLC,Ex7,18110287,03DT,Ex6,0.7810710379710564
18110209,09CLC,Ex7,18110287,03DT,Ex4,0.7773859654766282
18110209,09CLC,Ex7,18110288,03DT,Ex1,0.7191717863082886
18110209,09CLC,Ex7,18110288,03DT,Ex3,0.8706946364630048
18110209,09CLC,Ex7,18110288,03DT,Ex2,0.926638778518228
18110209,09CLC,Ex7,18110291,03DT,Ex5,0.8051773173739486
18110209,09CLC,Ex7,18110291,03DT,Ex1,0.7034714383383592
18110209,09CLC,Ex7,18110291,03DT,Ex3,0.8378446965944022
18110209,09CLC,Ex7,18110291,03DT,Ex8,0.7511543369794313
18110209,09CLC,Ex7,18110291,03DT,Ex2,0.9265976991595292
18110209,09CLC,Ex7,18110291,03DT,Ex6,0.7934533934942715
18110209,09CLC,Ex7,18110291,03DT,Ex4,0.8053805382046478
18110209,09CLC,Ex7,18110292,03DT,Ex7,0.8460911916459308
18110209,09CLC,Ex7,18110292,03DT,Ex5,0.8354832774483114
18110209,09CLC,Ex7,18110292,03DT,Ex1,0.6419349369922078
18110209,09CLC,Ex7,18110292,03DT,Ex3,0.8685979010082605
18110209,09CLC,Ex7,18110292,03DT,Ex8,0.8067128273248673
18110209,09CLC,Ex7,18110292,03DT,Ex2,0.9188199706291884
18110209,09CLC,Ex7,18110292,03DT,Ex6,0.829806329203833
18110209,09CLC,Ex7,18110292,03DT,Ex4,0.8534247236286135
18110209,09CLC,Ex7,18110293,03DT,Ex7,0.8426128580685585
18110209,09CLC,Ex7,18110293,03DT,Ex5,0.8128233135019968
18110209,09CLC,Ex7,18110293,03DT,Ex1,0.7394521123654133
18110209,09CLC,Ex7,18110293,03DT,Ex3,0.8722565187773573
18110209,09CLC,Ex7,18110293,03DT,Ex8,0.7719097177660654
18110209,09CLC,Ex7,18110293,03DT,Ex2,0.9033716676083017
18110209,09CLC,Ex7,18110293,03DT,Ex6,0.8272335623600044
18110209,09CLC,Ex7,18110293,03DT,Ex4,0.8320794513225556
18110209,09CLC,Ex7,18110294,03DT,Ex7,0.8012513258789159
18110209,09CLC,Ex7,18110294,03DT,Ex5,0.7764580302311543
18110209,09CLC,Ex7,18110294,03DT,Ex1,0.6694868982689721
18110209,09CLC,Ex7,18110294,03DT,Ex3,0.8505488167970608
18110209,09CLC,Ex7,18110294,03DT,Ex8,0.750965434563371
18110209,09CLC,Ex7,18110294,03DT,Ex2,0.9152097669980859
18110209,09CLC,Ex7,18110294,03DT,Ex4,0.8077146343580665
18110209,09CLC,Ex7,18110295,03DT,Ex7,0.8524128336563199
18110209,09CLC,Ex7,18110295,03DT,Ex5,0.8297157838112779
18110209,09CLC,Ex7,18110295,03DT,Ex1,0.6698770136913148
18110209,09CLC,Ex7,18110295,03DT,Ex3,0.860412713044729
18110209,09CLC,Ex7,18110295,03DT,Ex8,0.7853206770812593
18110209,09CLC,Ex7,18110295,03DT,Ex2,0.9425783257886587
18110209,09CLC,Ex7,18110295,03DT,Ex6,0.8446264489742609
18110209,09CLC,Ex7,18110295,03DT,Ex4,0.8365185711327501
18110209,09CLC,Ex7,18110296,03DT,Ex7,0.8423126264780509
18110209,09CLC,Ex7,18110296,03DT,Ex5,0.8151530560182065
18110209,09CLC,Ex7,18110296,03DT,Ex1,0.6741767323124195
18110209,09CLC,Ex7,18110296,03DT,Ex3,0.8659202168908036
18110209,09CLC,Ex7,18110296,03DT,Ex8,0.7974262629858161
18110209,09CLC,Ex7,18110296,03DT,Ex2,0.9071357250213623
18110209,09CLC,Ex7,18110296,03DT,Ex6,0.83666586122194
18110209,09CLC,Ex7,18110296,03DT,Ex4,0.8204528582401764
18110209,09CLC,Ex7,18110297,09CLC,Ex7,0.806297267600053
18110209,09CLC,Ex7,18110297,09CLC,Ex5,0.7742812465876341
18110209,09CLC,Ex7,18110297,09CLC,Ex1,0.8334448374047572
18110209,09CLC,Ex7,18110297,09CLC,Ex3,0.8909453663386797
18110209,09CLC,Ex7,18110297,09CLC,Ex8,0.775138115304248
18110209,09CLC,Ex7,18110297,09CLC,Ex2,0.8915612382503847
18110209,09CLC,Ex7,18110297,09CLC,Ex6,0.7931751328032232
18110209,09CLC,Ex7,18110297,09CLC,Ex4,0.7976902055701143
18110209,09CLC,Ex7,18110299,03DT,Ex7,0.7143594968238688
18110209,09CLC,Ex7,18110299,03DT,Ex5,0.715780122485836
18110209,09CLC,Ex7,18110299,03DT,Ex1,0.7085580190624854
18110209,09CLC,Ex7,18110299,03DT,Ex3,0.7349518102076319
18110209,09CLC,Ex7,18110299,03DT,Ex8,0.7066020482048696
18110209,09CLC,Ex7,18110299,03DT,Ex2,0.7418129819774342
18110209,09CLC,Ex7,18110299,03DT,Ex6,0.721546175609152
18110209,09CLC,Ex7,18110299,03DT,Ex4,0.7307193219831526
18110209,09CLC,Ex7,18110312,03DT,Ex7,0.8683724443575269
18110209,09CLC,Ex7,18110312,03DT,Ex5,0.8137720386001551
18110209,09CLC,Ex7,18110312,03DT,Ex3,0.8637717221094214
18110209,09CLC,Ex7,18110312,03DT,Ex2,0.898173830201549
18110209,09CLC,Ex7,18110312,03DT,Ex6,0.8420751901467641
18110209,09CLC,Ex7,18110312,03DT,Ex4,0.8403067696094513
18110209,09CLC,Ex7,18110313,03DT,Ex7,0.7907758305870718
18110209,09CLC,Ex7,18110313,03DT,Ex5,0.7539232599238554
18110209,09CLC,Ex7,18110313,03DT,Ex3,0.8146189017729326
18110209,09CLC,Ex7,18110313,03DT,Ex2,0.920651565107067
18110209,09CLC,Ex7,18110313,03DT,Ex6,0.7967730872449102
18110209,09CLC,Ex7,18110313,03DT,Ex4,0.7355746586476603
18110209,09CLC,Ex7,18110325,03DT,Ex7,0.8292578437371169
18110209,09CLC,Ex7,18110325,03DT,Ex5,0.8024882961874423
18110209,09CLC,Ex7,18110325,03DT,Ex1,0.6757755381341027
18110209,09CLC,Ex7,18110325,03DT,Ex3,0.8619983682938672
18110209,09CLC,Ex7,18110325,03DT,Ex8,0.769572157566705
18110209,09CLC,Ex7,18110325,03DT,Ex2,0.9119365737679299
18110209,09CLC,Ex7,18110325,03DT,Ex6,0.8163411612593153
18110209,09CLC,Ex7,18110325,03DT,Ex4,0.8343222066154324
18110209,09CLC,Ex7,18110327,03DT,Ex7,0.7895505102374886
18110209,09CLC,Ex7,18110327,03DT,Ex5,0.7715263102706328
18110209,09CLC,Ex7,18110327,03DT,Ex1,0.6710046088025414
18110209,09CLC,Ex7,18110327,03DT,Ex3,0.8495269272216531
18110209,09CLC,Ex7,18110327,03DT,Ex8,0.7708060015491875
18110209,09CLC,Ex7,18110327,03DT,Ex2,0.9290111976108332
18110209,09CLC,Ex7,18110327,03DT,Ex6,0.7790267733535218
18110209,09CLC,Ex7,18110327,03DT,Ex4,0.794073673244008
18110209,09CLC,Ex7,18110328,03DT,Ex7,0.7660566436246111
18110209,09CLC,Ex7,18110328,03DT,Ex5,0.7574532478054364
18110209,09CLC,Ex7,18110328,03DT,Ex1,0.6660097132965992
18110209,09CLC,Ex7,18110328,03DT,Ex3,0.8387524146615094
18110209,09CLC,Ex7,18110328,03DT,Ex8,0.7556771762870453
18110209,09CLC,Ex7,18110328,03DT,Ex2,0.9153767702400043
18110209,09CLC,Ex7,18110328,03DT,Ex6,0.7548261196723633
18110209,09CLC,Ex7,18110328,03DT,Ex4,0.8054268944342404
18110209,09CLC,Ex7,18110329,03DT,Ex7,0.8452642522074959
18110209,09CLC,Ex7,18110329,03DT,Ex5,0.8191338158466599
18110209,09CLC,Ex7,18110329,03DT,Ex1,0.6654181921158928
18110209,09CLC,Ex7,18110329,03DT,Ex3,0.8375385690618444
18110209,09CLC,Ex7,18110329,03DT,Ex8,0.8157118647098541
18110209,09CLC,Ex7,18110329,03DT,Ex2,0.9112351255855341
18110209,09CLC,Ex7,18110329,03DT,Ex6,0.8363366067980806
18110209,09CLC,Ex7,18110329,03DT,Ex4,0.8089469870589426
18110209,09CLC,Ex7,18110341,03DT,Ex7,0.8132360413548732
18110209,09CLC,Ex7,18110341,03DT,Ex5,0.7853673514854386
18110209,09CLC,Ex7,18110341,03DT,Ex1,0.6623586571250839
18110209,09CLC,Ex7,18110341,03DT,Ex3,0.7765163284811106
18110209,09CLC,Ex7,18110341,03DT,Ex8,0.7504357204078813
18110209,09CLC,Ex7,18110341,03DT,Ex2,0.9266190415018061
18110209,09CLC,Ex7,18110341,03DT,Ex6,0.7974403713430677
18110209,09CLC,Ex7,18110341,03DT,Ex4,0.7744235407222401
18110209,09CLC,Ex7,18110350,03DT,Ex7,0.8449906142664627
18110209,09CLC,Ex7,18110350,03DT,Ex5,0.8176540471764229
18110209,09CLC,Ex7,18110350,03DT,Ex1,0.6805896321612019
18110209,09CLC,Ex7,18110350,03DT,Ex3,0.8632244073407619
18110209,09CLC,Ex7,18110350,03DT,Ex8,0.8196552189368775
18110209,09CLC,Ex7,18110350,03DT,Ex2,0.9001136431668667
18110209,09CLC,Ex7,18110350,03DT,Ex6,0.8353811821641302
18110209,09CLC,Ex7,18110350,03DT,Ex4,0.8430713480832626
18110209,09CLC,Ex7,18110352,03DT,Ex5,0.8080877398300652
18110209,09CLC,Ex7,18110352,03DT,Ex1,0.6826595996352408
18110209,09CLC,Ex7,18110352,03DT,Ex3,0.8344363157163587
18110209,09CLC,Ex7,18110352,03DT,Ex2,0.9140383573784225
18110209,09CLC,Ex7,18110352,03DT,Ex6,0.8362599553889184
18110209,09CLC,Ex7,18110353,03DT,Ex1,0.6755680144758698
18110209,09CLC,Ex7,18110354,03DT,Ex7,0.8315534118920156
18110209,09CLC,Ex7,18110354,03DT,Ex5,0.7983851637326035
18110209,09CLC,Ex7,18110354,03DT,Ex1,0.7515765675056127
18110209,09CLC,Ex7,18110354,03DT,Ex3,0.8257181402435876
18110209,09CLC,Ex7,18110354,03DT,Ex8,0.7900148513012154
18110209,09CLC,Ex7,18110354,03DT,Ex2,0.8920584269324128
18110209,09CLC,Ex7,18110354,03DT,Ex6,0.8188881188117224
18110209,09CLC,Ex7,18110354,03DT,Ex4,0.8033830482851375
18110209,09CLC,Ex7,18110357,03DT,Ex7,0.7913232970613617
18110209,09CLC,Ex7,18110357,03DT,Ex1,0.690258806347847
18110209,09CLC,Ex7,18110357,03DT,Ex3,0.8177513238812281
18110209,09CLC,Ex7,18110357,03DT,Ex8,0.7363538708029351
18110209,09CLC,Ex7,18110357,03DT,Ex2,0.8562868433073163
18110209,09CLC,Ex7,18110357,03DT,Ex6,0.7783995546659085
18110209,09CLC,Ex7,18110357,03DT,Ex4,0.7995327098098227
18110209,09CLC,Ex7,18110371,03DT,Ex7,0.8140050509132936
18110209,09CLC,Ex7,18110371,03DT,Ex5,0.790829287146643
18110209,09CLC,Ex7,18110371,03DT,Ex8,0.7645693752058049
18110209,09CLC,Ex7,18110371,03DT,Ex2,0.9473536031586783
18110209,09CLC,Ex7,18110371,03DT,Ex6,0.8013747999150502
18110209,09CLC,Ex7,18110379,03DT,Ex1,0.7035753524346318
18110209,09CLC,Ex7,18110380,03DT,Ex7,0.844538074615131
18110209,09CLC,Ex7,18110380,03DT,Ex5,0.8377046899586779
18110209,09CLC,Ex7,18110380,03DT,Ex1,0.6734906930231048
18110209,09CLC,Ex7,18110380,03DT,Ex3,0.8507641697023797
18110209,09CLC,Ex7,18110380,03DT,Ex8,0.792860378612
18110209,09CLC,Ex7,18110380,03DT,Ex2,0.9168304350713025
18110209,09CLC,Ex7,18110380,03DT,Ex6,0.8343599410284133
18110209,09CLC,Ex7,18110380,03DT,Ex4,0.8343104396907377
18110209,09CLC,Ex7,18110381,03DT,Ex7,0.7514874315308651
18110209,09CLC,Ex7,18110381,03DT,Ex5,0.7310345306721601
18110209,09CLC,Ex7,18110381,03DT,Ex1,0.6594984546943676
18110209,09CLC,Ex7,18110381,03DT,Ex3,0.7615627640105308
18110209,09CLC,Ex7,18110381,03DT,Ex8,0.7156700157163352
18110209,09CLC,Ex7,18110381,03DT,Ex2,0.8312222998119095
18110209,09CLC,Ex7,18110381,03DT,Ex6,0.7352435846220363
18110209,09CLC,Ex7,18110381,03DT,Ex4,0.7220110902562737
18110209,09CLC,Ex7,18110382,03DT,Ex7,0.8366462596874128
18110209,09CLC,Ex7,18110382,03DT,Ex5,0.8029175801044803
18110209,09CLC,Ex7,18110382,03DT,Ex1,0.6477986419742757
18110209,09CLC,Ex7,18110382,03DT,Ex3,0.8226078113783961
18110209,09CLC,Ex7,18110382,03DT,Ex8,0.794621193926084
18110209,09CLC,Ex7,18110382,03DT,Ex2,0.875789665970309
18110209,09CLC,Ex7,18110382,03DT,Ex6,0.8243108620456339
18110209,09CLC,Ex7,18110382,03DT,Ex4,0.7964198521688475
18110209,09CLC,Ex7,18110398,02CLC,Ex5,0.8427818167735549
18110209,09CLC,Ex7,18110398,02CLC,Ex6,0.8590661243103338
18110209,09CLC,Ex7,18110400,03DT,Ex7,0.7677222772316358
18110209,09CLC,Ex7,18110400,03DT,Ex5,0.7593612715379515
18110209,09CLC,Ex7,18110400,03DT,Ex1,0.6774194787540836
18110209,09CLC,Ex7,18110400,03DT,Ex3,0.7952677892340768
18110209,09CLC,Ex7,18110400,03DT,Ex8,0.7384676815864677
18110209,09CLC,Ex7,18110400,03DT,Ex2,0.8071600673562389
18110209,09CLC,Ex7,18110400,03DT,Ex6,0.7695118263235601
18110209,09CLC,Ex7,18110400,03DT,Ex4,0.7531723121618047
18110209,09CLC,Ex7,18110401,03DT,Ex7,0.8143325822693961
18110209,09CLC,Ex7,18110401,03DT,Ex5,0.7780907295315141
18110209,09CLC,Ex7,18110401,03DT,Ex1,0.7013392215189727
18110209,09CLC,Ex7,18110401,03DT,Ex3,0.8073795116373471
18110209,09CLC,Ex7,18110401,03DT,Ex8,0.7866209505649095
18110209,09CLC,Ex7,18110401,03DT,Ex2,0.8910450781646527
18110209,09CLC,Ex7,18110401,03DT,Ex6,0.7997478520548021
18110209,09CLC,Ex7,18110401,03DT,Ex4,0.7946122010417332
18110209,09CLC,Ex7,18110403,03DT,Ex7,0.8262272095007281
18110209,09CLC,Ex7,18110403,03DT,Ex5,0.7828994619396498
18110209,09CLC,Ex7,18110403,03DT,Ex1,0.6694904752820731
18110209,09CLC,Ex7,18110403,03DT,Ex3,0.8239299087688841
18110209,09CLC,Ex7,18110403,03DT,Ex8,0.7810958087939978
18110209,09CLC,Ex7,18110403,03DT,Ex2,0.9157028547064825
18110209,09CLC,Ex7,18110403,03DT,Ex6,0.8127290415931755
18110209,09CLC,Ex7,18110403,03DT,Ex4,0.7805967520900637
18110209,09CLC,Ex7,18128015,08CLC,Ex7,0.7384311532820196
18110209,09CLC,Ex7,18128015,08CLC,Ex5,0.7434371739449063
18110209,09CLC,Ex7,18128015,08CLC,Ex1,0.6704975829912665
18110209,09CLC,Ex7,18128015,08CLC,Ex3,0.8222044813547204
18110209,09CLC,Ex7,18128015,08CLC,Ex2,0.9057689450450779
18110209,09CLC,Ex7,18128015,08CLC,Ex6,0.7327962382084345
18110209,09CLC,Ex7,18128015,08CLC,Ex4,0.7356009264575675
18110209,09CLC,Ex7,18130043,04DT,Ex7,0.9095326418755576
18110209,09CLC,Ex7,18130043,04DT,Ex1,0.673902468119241
18110209,09CLC,Ex7,18130043,04DT,Ex3,0.8877963770003546
18110209,09CLC,Ex7,18130043,04DT,Ex8,0.8183078771762256
18110209,09CLC,Ex7,18130043,04DT,Ex2,0.9396864014217653
18110209,09CLC,Ex7,18133001,04DT,Ex7,0.8404567128715292
18110209,09CLC,Ex7,18133001,04DT,Ex5,0.8165774836553542
18110209,09CLC,Ex7,18133001,04DT,Ex1,0.7470444936256904
18110209,09CLC,Ex7,18133001,04DT,Ex3,0.8150911902179238
18110209,09CLC,Ex7,18133001,04DT,Ex8,0.7811974003759737
18110209,09CLC,Ex7,18133001,04DT,Ex2,0.8754695624113082
18110209,09CLC,Ex7,18133001,04DT,Ex6,0.836309601492801
18110209,09CLC,Ex7,18133001,04DT,Ex4,0.8019627662081468
18110209,09CLC,Ex7,18133003,04DT,Ex7,0.8584061308412363
18110209,09CLC,Ex7,18133003,04DT,Ex5,0.8054847579840656
18110209,09CLC,Ex7,18133003,04DT,Ex1,0.6770265375877299
18110209,09CLC,Ex7,18133003,04DT,Ex3,0.8216095369841371
18110209,09CLC,Ex7,18133003,04DT,Ex8,0.7718310372916278
18110209,09CLC,Ex7,18133003,04DT,Ex2,0.9394448672432497
18110209,09CLC,Ex7,18133003,04DT,Ex6,0.844403461663873
18110209,09CLC,Ex7,18133003,04DT,Ex4,0.8356022727489472
18110209,09CLC,Ex7,18133004,04DT,Ex7,0.8493361480604587
18110209,09CLC,Ex7,18133004,04DT,Ex5,0.8091047222374893
18110209,09CLC,Ex7,18133004,04DT,Ex1,0.6674999664344731
18110209,09CLC,Ex7,18133004,04DT,Ex3,0.819544223598812
18110209,09CLC,Ex7,18133004,04DT,Ex8,0.7718310372916278
18110209,09CLC,Ex7,18133004,04DT,Ex2,0.8624373091591729
18110209,09CLC,Ex7,18133004,04DT,Ex6,0.8368268028895061
18110209,09CLC,Ex7,18133004,04DT,Ex4,0.7962783286495815
18110209,09CLC,Ex7,18133006,04DT,Ex7,0.7494153683534777
18110209,09CLC,Ex7,18133006,04DT,Ex5,0.726114753668231
18110209,09CLC,Ex7,18133006,04DT,Ex1,0.6720608848901022
18110209,09CLC,Ex7,18133006,04DT,Ex3,0.8381859913468361
18110209,09CLC,Ex7,18133006,04DT,Ex8,0.7203767571032424
18110209,09CLC,Ex7,18133006,04DT,Ex2,0.9057642392655636
18110209,09CLC,Ex7,18133006,04DT,Ex6,0.7394322765110427
18110209,09CLC,Ex7,18133006,04DT,Ex4,0.7777882935085767
18110209,09CLC,Ex7,18133007,04DT,Ex7,0.7011332034547039
18110209,09CLC,Ex7,18133007,04DT,Ex5,0.6781326290137968
18110209,09CLC,Ex7,18133007,04DT,Ex1,0.718889962308682
18110209,09CLC,Ex7,18133007,04DT,Ex3,0.7122562958264914
18110209,09CLC,Ex7,18133007,04DT,Ex8,0.6808939956457739
18110209,09CLC,Ex7,18133007,04DT,Ex2,0.7638389841431663
18110209,09CLC,Ex7,18133007,04DT,Ex6,0.6885173795986052
18110209,09CLC,Ex7,18133007,04DT,Ex4,0.6957521870111426
18110209,09CLC,Ex7,18133011,03DT,Ex7,0.8194140898995101
18110209,09CLC,Ex7,18133011,03DT,Ex5,0.8277264422703283
18110209,09CLC,Ex7,18133011,03DT,Ex1,0.668672107071394
18110209,09CLC,Ex7,18133011,03DT,Ex3,0.8895252629330284
18110209,09CLC,Ex7,18133011,03DT,Ex2,0.9258992955627212
18110209,09CLC,Ex7,18133011,03DT,Ex6,0.8084783080977576
18110209,09CLC,Ex7,18133011,03DT,Ex4,0.8362946930740561
18110209,09CLC,Ex7,18133012,04DT,Ex7,0.8020553230119578
18110209,09CLC,Ex7,18133012,04DT,Ex5,0.783901864689503
18110209,09CLC,Ex7,18133012,04DT,Ex1,0.6656974389179219
18110209,09CLC,Ex7,18133012,04DT,Ex3,0.8151214591834857
18110209,09CLC,Ex7,18133012,04DT,Ex8,0.767989279384712
18110209,09CLC,Ex7,18133012,04DT,Ex2,0.850840132557944
18110209,09CLC,Ex7,18133012,04DT,Ex4,0.766822645550265
18110209,09CLC,Ex7,18133014,04DT,Ex7,0.8073301217284063
18110209,09CLC,Ex7,18133014,04DT,Ex5,0.7886027812047769
18110209,09CLC,Ex7,18133014,04DT,Ex1,0.6408932498805431
18110209,09CLC,Ex7,18133014,04DT,Ex3,0.7939860785007476
18110209,09CLC,Ex7,18133014,04DT,Ex8,0.7636844560397775
18110209,09CLC,Ex7,18133014,04DT,Ex2,0.8676500634567158
18110209,09CLC,Ex7,18133014,04DT,Ex6,0.7975656225080305
18110209,09CLC,Ex7,18133014,04DT,Ex4,0.7765752227953923
18110209,09CLC,Ex7,18133015,04DT,Ex7,0.8208057400565477
18110209,09CLC,Ex7,18133015,04DT,Ex5,0.7981176790338835
18110209,09CLC,Ex7,18133015,04DT,Ex1,0.6909416798200156
18110209,09CLC,Ex7,18133015,04DT,Ex3,0.8536202831005831
18110209,09CLC,Ex7,18133015,04DT,Ex2,0.9133542141493629
18110209,09CLC,Ex7,18133015,04DT,Ex6,0.817405712426893
18110209,09CLC,Ex7,18133016,04DT,Ex7,0.7851008340568826
18110209,09CLC,Ex7,18133016,04DT,Ex5,0.7899026909600133
18110209,09CLC,Ex7,18133016,04DT,Ex1,0.7319370067932389
18110209,09CLC,Ex7,18133016,04DT,Ex3,0.8238898651940482
18110209,09CLC,Ex7,18133016,04DT,Ex8,0.7406059679373231
18110209,09CLC,Ex7,18133016,04DT,Ex2,0.8563285236331549
18110209,09CLC,Ex7,18133016,04DT,Ex6,0.8072730806511892
18110209,09CLC,Ex7,18133016,04DT,Ex4,0.7910684487683987
18110209,09CLC,Ex7,18133017,04DT,Ex7,0.8515708320900753
18110209,09CLC,Ex7,18133017,04DT,Ex5,0.8148006102941578
18110209,09CLC,Ex7,18133017,04DT,Ex1,0.66313088394102
18110209,09CLC,Ex7,18133017,04DT,Ex3,0.8626883237038628
18110209,09CLC,Ex7,18133017,04DT,Ex8,0.8025040659133126
18110209,09CLC,Ex7,18133017,04DT,Ex2,0.9101359592034266
18110209,09CLC,Ex7,18133017,04DT,Ex6,0.839306615293026
18110209,09CLC,Ex7,18133017,04DT,Ex4,0.8166696521350079
18110209,09CLC,Ex7,18133018,04DT,Ex7,0.8449285324394603
18110209,09CLC,Ex7,18133018,04DT,Ex5,0.800214172764258
18110209,09CLC,Ex7,18133018,04DT,Ex1,0.6691362188979127
18110209,09CLC,Ex7,18133018,04DT,Ex3,0.8601824631293614
18110209,09CLC,Ex7,18133018,04DT,Ex8,0.7718310372916278
18110209,09CLC,Ex7,18133018,04DT,Ex2,0.9352448659784653
18110209,09CLC,Ex7,18133018,04DT,Ex6,0.8311311266179812
18110209,09CLC,Ex7,18133018,04DT,Ex4,0.8476415496699664
18110209,09CLC,Ex7,18133020,04DT,Ex7,0.8589698295324844
18110209,09CLC,Ex7,18133020,04DT,Ex5,0.8165611172112349
18110209,09CLC,Ex7,18133020,04DT,Ex1,0.6674471542771373
18110209,09CLC,Ex7,18133020,04DT,Ex3,0.8265016179084778
18110209,09CLC,Ex7,18133020,04DT,Ex8,0.7710592785792729
18110209,09CLC,Ex7,18133020,04DT,Ex2,0.9396427560735632
18110209,09CLC,Ex7,18133020,04DT,Ex6,0.8426960271701478
18110209,09CLC,Ex7,18133020,04DT,Ex4,0.8366179162902492
18110209,09CLC,Ex7,18133021,04DT,Ex7,0.8020332066268571
18110209,09CLC,Ex7,18133021,04DT,Ex5,0.7695810472939437
18110209,09CLC,Ex7,18133021,04DT,Ex1,0.6642023273851982
18110209,09CLC,Ex7,18133021,04DT,Ex3,0.8352960931961654
18110209,09CLC,Ex7,18133021,04DT,Ex8,0.7639969113455
18110209,09CLC,Ex7,18133021,04DT,Ex2,0.8850098632939971
18110209,09CLC,Ex7,18133021,04DT,Ex6,0.788288835203966
18110209,09CLC,Ex7,18133021,04DT,Ex4,0.7671307302361366
18110209,09CLC,Ex7,18133022,04DT,Ex7,0.8190863666124641
18110209,09CLC,Ex7,18133022,04DT,Ex5,0.8076455331294337
18110209,09CLC,Ex7,18133022,04DT,Ex1,0.7120340944013812
18110209,09CLC,Ex7,18133022,04DT,Ex3,0.8586883132479021
18110209,09CLC,Ex7,18133022,04DT,Ex8,0.7977444327132587
